1,109096,Creep,https://genius.com/Radiohead-creep-lyrics,/Radiohead-creep-lyrics,https://images.genius.com/7e8ec7d3265b0867ba38e232650f7c82.1000x1000x1.jpg,7,176,604,Radiohead,https://genius.com/artists/Radiohead,https://images.genius.com/6bcb8629b9b0f55c549d748bdcbca61c.372x372x1.jpg
1,64344,Karma Police,https://genius.com/Radiohead-karma-police-lyrics,/Radiohead-karma-police-lyrics,https://images.genius.com/bb8f17187f42bb0b4a0dcc17cad65355.1000x1000x1.png,9,56,604,Radiohead,https://genius.com/artists/Radiohead,https://images.genius.com/6bcb8629b9b0f55c549d748bdcbca61c.372x372x1.jpg
1,78831,Paranoid Android,https://genius.com/Radiohead-paranoid-android-lyrics,/Radiohead-paranoid-android-lyrics,https://images.genius.com/bb8f17187f42bb0b4a0dcc17cad65355.1000x1000x1.png,9,64,604,Radiohead,https://genius.com/artists/Radiohead,https://images.genius.com/6bcb8629b9b0f55c549d748bdcbca61c.372x372x1.jpg
1,2468344,Daydreaming,https://genius.com/Radiohead-daydreaming-lyrics,/Radiohead-daydreaming-lyrics,https://images.genius.com/c9cf30826b50b5096664895e243253ad.1000x1000x1.jpg,6,69,604,Radiohead,https://genius.com/artists/Radiohead,https://images.genius.com/6bcb8629b9b0f55c549d748bdcbca61c.372x372x1.jpg
1,71498,No Surprises,https://genius.com/Radiohead-no-surprises-lyrics,/Radiohead-no-surprises-lyrics,https://images.genius.com/bb8f17187f42bb0b4a0dcc17cad65355.1000x1000x1.png,7,44,604,Radiohead,https://genius.com/artists/Radiohead,https://images.genius.com/6bcb8629b9b0f55c549d748bdcbca61c.372x372x1.jpg
1,2466402,Burn the Witch,https://genius.com/Radiohead-burn-the-witch-lyrics,/Radiohead-burn-the-witch-lyrics,https://images.genius.com/c9cf30826b50b5096664895e243253ad.1000x1000x1.jpg,11,56,604,Radiohead,https://genius.com/artists/Radiohead,https://images.genius.com/6bcb8629b9b0f55c549d748bdcbca61c.372x372x1.jpg
1,65925,All I Need,https://genius.com/Radiohead-all-i-need-lyrics,/Radiohead-all-i-need-lyrics,https://images.genius.com/77428fc6c7adfbbed787b49b6f547c78.500x437x1.jpg,10,32,604,Radiohead,https://genius.com/artists/Radiohead,https://images.genius.com/6bcb8629b9b0f55c549d748bdcbca61c.372x372x1.jpg
1,66969,Identikit,https://genius.com/Radiohead-identikit-lyrics,/Radiohead-identikit-lyrics,https://images.genius.com/c9cf30826b50b5096664895e243253ad.1000x1000x1.jpg,6,30,604,Radiohead,https://genius.com/artists/Radiohead,https://images.genius.com/6bcb8629b9b0f55c549d748bdcbca61c.372x372x1.jpg
1,1188,Fake Plastic Trees,https://genius.com/Radiohead-fake-plastic-trees-lyrics,/Radiohead-fake-plastic-trees-lyrics,https://images.genius.com/be209037c6eb607ee01d0addcc4f9020.1000x1000x1.jpg,11,44,604,Radiohead,https://genius.com/artists/Radiohead,https://images.genius.com/6bcb8629b9b0f55c549d748bdcbca61c.372x372x1.jpg
1,107387,Exit Music (For A Film),https://genius.com/Radiohead-exit-music-for-a-film-lyrics,/Radiohead-exit-music-for-a-film-lyrics,https://images.genius.com/c327963df7e38c3722b2dd4b6b817e6c.1000x1000x1.png,13,47,604,Radiohead,https://genius.com/artists/Radiohead,https://images.genius.com/6bcb8629b9b0f55c549d748bdcbca61c.372x372x1.jpg
2,196343,True Love Waits,https://genius.com/Radiohead-true-love-waits-lyrics,/Radiohead-true-love-waits-lyrics,https://images.genius.com/8b9970ef4ff3192a852a3e6e1201706d.590x590x1.jpg,9,39,604,Radiohead,https://genius.com/artists/Radiohead,https://images.genius.com/6bcb8629b9b0f55c549d748bdcbca61c.372x372x1.jpg
2,2469506,Decks Dark,https://genius.com/Radiohead-decks-dark-lyrics,/Radiohead-decks-dark-lyrics,https://images.genius.com/c9cf30826b50b5096664895e243253ad.1000x1000x1.jpg,15,29,604,Radiohead,https://genius.com/artists/Radiohead,https://images.genius.com/6bcb8629b9b0f55c549d748bdcbca61c.372x372x1.jpg
2,499318,Present Tense,https://genius.com/Radiohead-present-tense-lyrics,/Radiohead-present-tense-lyrics,https://images.genius.com/c9cf30826b50b5096664895e243253ad.1000x1000x1.jpg,8,35,604,Radiohead,https://genius.com/artists/Radiohead,https://images.genius.com/6bcb8629b9b0f55c549d748bdcbca61c.372x372x1.jpg
2,2469477,Ful Stop,https://genius.com/Radiohead-ful-stop-lyrics,/Radiohead-ful-stop-lyrics,https://images.genius.com/c9cf30826b50b5096664895e243253ad.1000x1000x1.jpg,10,21,604,Radiohead,https://genius.com/artists/Radiohead,https://images.genius.com/6bcb8629b9b0f55c549d748bdcbca61c.372x372x1.jpg
2,78354,Let Down,https://genius.com/Radiohead-let-down-lyrics,/Radiohead-let-down-lyrics,https://images.genius.com/c327963df7e38c3722b2dd4b6b817e6c.1000x1000x1.png,7,31,604,Radiohead,https://genius.com/artists/Radiohead,https://images.genius.com/6bcb8629b9b0f55c549d748bdcbca61c.372x372x1.jpg
2,63104,Everything In Its Right Place,https://genius.com/Radiohead-everything-in-its-right-place-lyrics,/Radiohead-everything-in-its-right-place-lyrics,https://images.genius.com/2ef12d208f35efeccc47842382841269.1000x1000x1.jpg,7,29,604,Radiohead,https://genius.com/artists/Radiohead,https://images.genius.com/6bcb8629b9b0f55c549d748bdcbca61c.372x372x1.jpg
2,2469498,The Numbers,https://genius.com/Radiohead-the-numbers-lyrics,/Radiohead-the-numbers-lyrics,https://images.genius.com/c9cf30826b50b5096664895e243253ad.1000x1000x1.jpg,12,17,604,Radiohead,https://genius.com/artists/Radiohead,https://images.genius.com/6bcb8629b9b0f55c549d748bdcbca61c.372x372x1.jpg
2,139773,Fitter Happier,https://genius.com/Radiohead-fitter-happier-lyrics,/Radiohead-fitter-happier-lyrics,https://images.genius.com/c327963df7e38c3722b2dd4b6b817e6c.1000x1000x1.png,27,16,604,Radiohead,https://genius.com/artists/Radiohead,https://images.genius.com/6bcb8629b9b0f55c549d748bdcbca61c.372x372x1.jpg
2,65927,Reckoner,https://genius.com/Radiohead-reckoner-lyrics,/Radiohead-reckoner-lyrics,https://images.genius.com/f9fc573a95e98a73b8456850f2653b37.1000x1000x1.jpg,4,26,604,Radiohead,https://genius.com/artists/Radiohead,https://images.genius.com/6bcb8629b9b0f55c549d748bdcbca61c.372x372x1.jpg
2,1187,Idioteque,https://genius.com/Radiohead-idioteque-lyrics,/Radiohead-idioteque-lyrics,https://images.genius.com/2ef12d208f35efeccc47842382841269.1000x1000x1.jpg,10,37,604,Radiohead,https://genius.com/artists/Radiohead,https://images.genius.com/6bcb8629b9b0f55c549d748bdcbca61c.372x372x1.jpg
3,1607907,I Promise,https://genius.com/Radiohead-i-promise-lyrics,/Radiohead-i-promise-lyrics,https://images.genius.com/8dcf09062669e3d3460503d0d72976c9.1000x1000x1.jpg,7,17,604,Radiohead,https://genius.com/artists/Radiohead,https://images.genius.com/6bcb8629b9b0f55c549d748bdcbca61c.372x372x1.jpg
3,67774,How to Disappear Completely,https://genius.com/Radiohead-how-to-disappear-completely-lyrics,/Radiohead-how-to-disappear-completely-lyrics,https://images.genius.com/2ef12d208f35efeccc47842382841269.1000x1000x1.jpg,6,49,604,Radiohead,https://genius.com/artists/Radiohead,https://images.genius.com/6bcb8629b9b0f55c549d748bdcbca61c.372x372x1.jpg
3,2469485,Desert Island Disk,https://genius.com/Radiohead-desert-island-disk-lyrics,/Radiohead-desert-island-disk-lyrics,https://images.genius.com/c9cf30826b50b5096664895e243253ad.1000x1000x1.jpg,10,11,604,Radiohead,https://genius.com/artists/Radiohead,https://images.genius.com/6bcb8629b9b0f55c549d748bdcbca61c.372x372x1.jpg
3,65924,Weird Fishes/Arpeggi,https://genius.com/Radiohead-weird-fishes-arpeggi-lyrics,/Radiohead-weird-fishes-arpeggi-lyrics,https://images.genius.com/f9fc573a95e98a73b8456850f2653b37.1000x1000x1.jpg,6,38,604,Radiohead,https://genius.com/artists/Radiohead,https://images.genius.com/6bcb8629b9b0f55c549d748bdcbca61c.372x372x1.jpg
3,80540,Airbag,https://genius.com/Radiohead-airbag-lyrics,/Radiohead-airbag-lyrics,https://images.genius.com/c327963df7e38c3722b2dd4b6b817e6c.1000x1000x1.png,7,27,604,Radiohead,https://genius.com/artists/Radiohead,https://images.genius.com/6bcb8629b9b0f55c549d748bdcbca61c.372x372x1.jpg
3,65929,Jigsaw Falling Into Place,https://genius.com/Radiohead-jigsaw-falling-into-place-lyrics,/Radiohead-jigsaw-falling-into-place-lyrics,https://images.genius.com/f9fc573a95e98a73b8456850f2653b37.1000x1000x1.jpg,8,20,604,Radiohead,https://genius.com/artists/Radiohead,https://images.genius.com/6bcb8629b9b0f55c549d748bdcbca61c.372x372x1.jpg
3,65923,Nude,https://genius.com/Radiohead-nude-lyrics,/Radiohead-nude-lyrics,https://images.genius.com/f9fc573a95e98a73b8456850f2653b37.1000x1000x1.jpg,7,21,604,Radiohead,https://genius.com/artists/Radiohead,https://images.genius.com/6bcb8629b9b0f55c549d748bdcbca61c.372x372x1.jpg
3,2469507,Glass Eyes,https://genius.com/Radiohead-glass-eyes-lyrics,/Radiohead-glass-eyes-lyrics,https://images.genius.com/c9cf30826b50b5096664895e243253ad.1000x1000x1.jpg,10,20,604,Radiohead,https://genius.com/artists/Radiohead,https://images.genius.com/6bcb8629b9b0f55c549d748bdcbca61c.372x372x1.jpg
3,71416,High and Dry,https://genius.com/Radiohead-high-and-dry-lyrics,/Radiohead-high-and-dry-lyrics,https://images.genius.com/be209037c6eb607ee01d0addcc4f9020.1000x1000x1.jpg,9,40,604,Radiohead,https://genius.com/artists/Radiohead,https://images.genius.com/6bcb8629b9b0f55c549d748bdcbca61c.372x372x1.jpg
3,115453,2 + 2 = 5,https://genius.com/Radiohead-2-2-5-lyrics,/Radiohead-2-2-5-lyrics,https://images.genius.com/e0fc93919470842ed4e188e3dea024c8.1000x1000x1.jpg,9,8,604,Radiohead,https://genius.com/artists/Radiohead,https://images.genius.com/6bcb8629b9b0f55c549d748bdcbca61c.372x372x1.jpg
4,67772,Kid A,https://genius.com/Radiohead-kid-a-lyrics,/Radiohead-kid-a-lyrics,https://images.genius.com/2ef12d208f35efeccc47842382841269.1000x1000x1.jpg,6,25,604,Radiohead,https://genius.com/artists/Radiohead,https://images.genius.com/6bcb8629b9b0f55c549d748bdcbca61c.372x372x1.jpg
4,110838,Climbing Up the Walls,https://genius.com/Radiohead-climbing-up-the-walls-lyrics,/Radiohead-climbing-up-the-walls-lyrics,https://images.genius.com/c327963df7e38c3722b2dd4b6b817e6c.1000x1000x1.png,8,27,604,Radiohead,https://genius.com/artists/Radiohead,https://images.genius.com/6bcb8629b9b0f55c549d748bdcbca61c.372x372x1.jpg
4,89984,Lucky,https://genius.com/Radiohead-lucky-lyrics,/Radiohead-lucky-lyrics,https://images.genius.com/bb8f17187f42bb0b4a0dcc17cad65355.1000x1000x1.png,9,23,604,Radiohead,https://genius.com/artists/Radiohead,https://images.genius.com/6bcb8629b9b0f55c549d748bdcbca61c.372x372x1.jpg
4,65930,Videotape,https://genius.com/Radiohead-videotape-lyrics,/Radiohead-videotape-lyrics,https://images.genius.com/f9fc573a95e98a73b8456850f2653b37.1000x1000x1.jpg,7,26,604,Radiohead,https://genius.com/artists/Radiohead,https://images.genius.com/6bcb8629b9b0f55c549d748bdcbca61c.372x372x1.jpg
4,65921,15 Step,https://genius.com/Radiohead-15-step-lyrics,/Radiohead-15-step-lyrics,https://images.genius.com/f9fc573a95e98a73b8456850f2653b37.1000x1000x1.jpg,8,20,604,Radiohead,https://genius.com/artists/Radiohead,https://images.genius.com/6bcb8629b9b0f55c549d748bdcbca61c.372x372x1.jpg
4,77297,Subterranean Homesick Alien,https://genius.com/Radiohead-subterranean-homesick-alien-lyrics,/Radiohead-subterranean-homesick-alien-lyrics,https://images.genius.com/c327963df7e38c3722b2dd4b6b817e6c.1000x1000x1.png,8,15,604,Radiohead,https://genius.com/artists/Radiohead,https://images.genius.com/6bcb8629b9b0f55c549d748bdcbca61c.372x372x1.jpg
4,76803,Street Spirit (Fade Out),https://genius.com/Radiohead-street-spirit-fade-out-lyrics,/Radiohead-street-spirit-fade-out-lyrics,https://images.genius.com/be209037c6eb607ee01d0addcc4f9020.1000x1000x1.jpg,10,26,604,Radiohead,https://genius.com/artists/Radiohead,https://images.genius.com/6bcb8629b9b0f55c549d748bdcbca61c.372x372x1.jpg
4,65928,House of Cards,https://genius.com/Radiohead-house-of-cards-lyrics,/Radiohead-house-of-cards-lyrics,https://images.genius.com/f9fc573a95e98a73b8456850f2653b37.1000x1000x1.jpg,5,18,604,Radiohead,https://genius.com/artists/Radiohead,https://images.genius.com/6bcb8629b9b0f55c549d748bdcbca61c.372x372x1.jpg
4,1573507,Man of War,https://genius.com/Radiohead-man-of-war-lyrics,/Radiohead-man-of-war-lyrics,https://images.genius.com/8dcf09062669e3d3460503d0d72976c9.1000x1000x1.jpg,9,16,604,Radiohead,https://genius.com/artists/Radiohead,https://images.genius.com/6bcb8629b9b0f55c549d748bdcbca61c.372x372x1.jpg
4,67777,Motion Picture Soundtrack,https://genius.com/Radiohead-motion-picture-soundtrack-lyrics,/Radiohead-motion-picture-soundtrack-lyrics,https://images.genius.com/2ef12d208f35efeccc47842382841269.1000x1000x1.jpg,7,21,604,Radiohead,https://genius.com/artists/Radiohead,https://images.genius.com/6bcb8629b9b0f55c549d748bdcbca61c.372x372x1.jpg
5,2469509,Tinker Tailor Soldier Sailor Rich Man Poor Man Beggar Man Thief,https://genius.com/Radiohead-tinker-tailor-soldier-sailor-rich-man-poor-man-beggar-man-thief-lyrics,/Radiohead-tinker-tailor-soldier-sailor-rich-man-poor-man-beggar-man-thief-lyrics,https://images.genius.com/c9cf30826b50b5096664895e243253ad.1000x1000x1.jpg,2,19,604,Radiohead,https://genius.com/artists/Radiohead,https://images.genius.com/6bcb8629b9b0f55c549d748bdcbca61c.372x372x1.jpg
5,5094,Lotus Flower,https://genius.com/Radiohead-lotus-flower-lyrics,/Radiohead-lotus-flower-lyrics,https://images.genius.com/9c38aa55e2744b15033f145bd8bf3c0c.1000x1000x1.jpg,6,21,604,Radiohead,https://genius.com/artists/Radiohead,https://images.genius.com/6bcb8629b9b0f55c549d748bdcbca61c.372x372x1.jpg
5,75961,Pyramid Song,https://genius.com/Radiohead-pyramid-song-lyrics,/Radiohead-pyramid-song-lyrics,https://images.genius.com/201cd73f147fefe5be9fa4c4c9db70de.1000x1000x1.jpg,8,26,604,Radiohead,https://genius.com/artists/Radiohead,https://images.genius.com/6bcb8629b9b0f55c549d748bdcbca61c.372x372x1.jpg
5,172481,"There, There",https://genius.com/Radiohead-there-there-lyrics,/Radiohead-there-there-lyrics,https://images.genius.com/e0fc93919470842ed4e188e3dea024c8.1000x1000x1.jpg,6,10,604,Radiohead,https://genius.com/artists/Radiohead,https://images.genius.com/6bcb8629b9b0f55c549d748bdcbca61c.372x372x1.jpg
5,65922,Bodysnatchers,https://genius.com/Radiohead-bodysnatchers-lyrics,/Radiohead-bodysnatchers-lyrics,https://images.genius.com/f9fc573a95e98a73b8456850f2653b37.1000x1000x1.jpg,10,8,604,Radiohead,https://genius.com/artists/Radiohead,https://images.genius.com/6bcb8629b9b0f55c549d748bdcbca61c.372x372x1.jpg
5,50433,Optimistic,https://genius.com/Radiohead-optimistic-lyrics,/Radiohead-optimistic-lyrics,https://images.genius.com/2ef12d208f35efeccc47842382841269.1000x1000x1.jpg,8,16,604,Radiohead,https://genius.com/artists/Radiohead,https://images.genius.com/6bcb8629b9b0f55c549d748bdcbca61c.372x372x1.jpg
5,172670,Bloom,https://genius.com/Radiohead-bloom-lyrics,/Radiohead-bloom-lyrics,https://images.genius.com/9c38aa55e2744b15033f145bd8bf3c0c.1000x1000x1.jpg,6,11,604,Radiohead,https://genius.com/artists/Radiohead,https://images.genius.com/6bcb8629b9b0f55c549d748bdcbca61c.372x372x1.jpg
5,1523553,Lift,https://genius.com/Radiohead-lift-lyrics,/Radiohead-lift-lyrics,https://images.genius.com/8dcf09062669e3d3460503d0d72976c9.1000x1000x1.jpg,11,13,604,Radiohead,https://genius.com/artists/Radiohead,https://images.genius.com/6bcb8629b9b0f55c549d748bdcbca61c.372x372x1.jpg
5,49885,A Wolf at the Door,https://genius.com/Radiohead-a-wolf-at-the-door-lyrics,/Radiohead-a-wolf-at-the-door-lyrics,https://images.genius.com/040abb6a35d41a48f189a69f893776e7.1000x1000x1.jpg,16,15,604,Radiohead,https://genius.com/artists/Radiohead,https://images.genius.com/6bcb8629b9b0f55c549d748bdcbca61c.372x372x1.jpg
5,2396651,Spectre,https://genius.com/Radiohead-spectre-lyrics,/Radiohead-spectre-lyrics,https://images.genius.com/0d35e1a50a04e35abb7126bbe96c2cad.500x500x1.jpg,12,22,604,Radiohead,https://genius.com/artists/Radiohead,https://images.genius.com/6bcb8629b9b0f55c549d748bdcbca61c.372x372x1.jpg
6,150067,The Tourist,https://genius.com/Radiohead-the-tourist-lyrics,/Radiohead-the-tourist-lyrics,https://images.genius.com/c327963df7e38c3722b2dd4b6b817e6c.1000x1000x1.png,7,13,604,Radiohead,https://genius.com/artists/Radiohead,https://images.genius.com/6bcb8629b9b0f55c549d748bdcbca61c.372x372x1.jpg
6,71499,My Iron Lung,https://genius.com/Radiohead-my-iron-lung-lyrics,/Radiohead-my-iron-lung-lyrics,https://images.genius.com/be209037c6eb607ee01d0addcc4f9020.1000x1000x1.jpg,12,13,604,Radiohead,https://genius.com/artists/Radiohead,https://images.genius.com/6bcb8629b9b0f55c549d748bdcbca61c.372x372x1.jpg
6,63102,The National Anthem,https://genius.com/Radiohead-the-national-anthem-lyrics,/Radiohead-the-national-anthem-lyrics,https://images.genius.com/2ef12d208f35efeccc47842382841269.1000x1000x1.jpg,3,8,604,Radiohead,https://genius.com/artists/Radiohead,https://images.genius.com/6bcb8629b9b0f55c549d748bdcbca61c.372x372x1.jpg
6,150063,Electioneering,https://genius.com/Radiohead-electioneering-lyrics,/Radiohead-electioneering-lyrics,https://images.genius.com/c327963df7e38c3722b2dd4b6b817e6c.1000x1000x1.png,8,10,604,Radiohead,https://genius.com/artists/Radiohead,https://images.genius.com/6bcb8629b9b0f55c549d748bdcbca61c.372x372x1.jpg
6,76797,Just,https://genius.com/Radiohead-just-lyrics,/Radiohead-just-lyrics,https://images.genius.com/be209037c6eb607ee01d0addcc4f9020.1000x1000x1.jpg,4,11,604,Radiohead,https://genius.com/artists/Radiohead,https://images.genius.com/6bcb8629b9b0f55c549d748bdcbca61c.372x372x1.jpg
6,71411,The Bends,https://genius.com/Radiohead-the-bends-lyrics,/Radiohead-the-bends-lyrics,https://images.genius.com/be209037c6eb607ee01d0addcc4f9020.1000x1000x1.jpg,14,13,604,Radiohead,https://genius.com/artists/Radiohead,https://images.genius.com/6bcb8629b9b0f55c549d748bdcbca61c.372x372x1.jpg
6,67776,Morning Bell,https://genius.com/Radiohead-morning-bell-lyrics,/Radiohead-morning-bell-lyrics,https://images.genius.com/2ef12d208f35efeccc47842382841269.1000x1000x1.jpg,6,10,604,Radiohead,https://genius.com/artists/Radiohead,https://images.genius.com/6bcb8629b9b0f55c549d748bdcbca61c.372x372x1.jpg
6,65926,Faust Arp,https://genius.com/Radiohead-faust-arp-lyrics,/Radiohead-faust-arp-lyrics,https://images.genius.com/f9fc573a95e98a73b8456850f2653b37.1000x1000x1.jpg,17,4,604,Radiohead,https://genius.com/artists/Radiohead,https://images.genius.com/6bcb8629b9b0f55c549d748bdcbca61c.372x372x1.jpg
6,2469504,A Moon Shaped Pool [Tracklist + Album Cover],https://genius.com/Radiohead-a-moon-shaped-pool-tracklist-album-cover-annotated,/Radiohead-a-moon-shaped-pool-tracklist-album-cover-annotated,https://images.genius.com/c9cf30826b50b5096664895e243253ad.1000x1000x1.jpg,2,4,604,Radiohead,https://genius.com/artists/Radiohead,https://images.genius.com/6bcb8629b9b0f55c549d748bdcbca61c.372x372x1.jpg
6,114477,You and Whose Army?,https://genius.com/Radiohead-you-and-whose-army-lyrics,/Radiohead-you-and-whose-army-lyrics,https://images.genius.com/ea4b07d6e587872c497343f96266a1e0.1000x1000x1.jpg,4,13,604,Radiohead,https://genius.com/artists/Radiohead,https://images.genius.com/6bcb8629b9b0f55c549d748bdcbca61c.372x372x1.jpg
7,114480,I Might Be Wrong,https://genius.com/Radiohead-i-might-be-wrong-lyrics,/Radiohead-i-might-be-wrong-lyrics,https://images.genius.com/201cd73f147fefe5be9fa4c4c9db70de.1000x1000x1.jpg,6,18,604,Radiohead,https://genius.com/artists/Radiohead,https://images.genius.com/6bcb8629b9b0f55c549d748bdcbca61c.372x372x1.jpg
7,172677,Codex,https://genius.com/Radiohead-codex-lyrics,/Radiohead-codex-lyrics,https://images.genius.com/9c38aa55e2744b15033f145bd8bf3c0c.1000x1000x1.jpg,4,13,604,Radiohead,https://genius.com/artists/Radiohead,https://images.genius.com/6bcb8629b9b0f55c549d748bdcbca61c.372x372x1.jpg
7,115809,Where I End and You Begin,https://genius.com/Radiohead-where-i-end-and-you-begin-lyrics,/Radiohead-where-i-end-and-you-begin-lyrics,https://images.genius.com/040abb6a35d41a48f189a69f893776e7.1000x1000x1.jpg,5,8,604,Radiohead,https://genius.com/artists/Radiohead,https://images.genius.com/6bcb8629b9b0f55c549d748bdcbca61c.372x372x1.jpg
7,172484,Myxomatosis,https://genius.com/Radiohead-myxomatosis-lyrics,/Radiohead-myxomatosis-lyrics,https://images.genius.com/040abb6a35d41a48f189a69f893776e7.1000x1000x1.jpg,10,8,604,Radiohead,https://genius.com/artists/Radiohead,https://images.genius.com/6bcb8629b9b0f55c549d748bdcbca61c.372x372x1.jpg
7,76799,Black Star,https://genius.com/Radiohead-black-star-lyrics,/Radiohead-black-star-lyrics,https://images.genius.com/96d0f6cc09c96e3f6ba51310e9e36bf5.1000x1000x1.jpg,8,11,604,Radiohead,https://genius.com/artists/Radiohead,https://images.genius.com/6bcb8629b9b0f55c549d748bdcbca61c.372x372x1.jpg
7,67775,In Limbo,https://genius.com/Radiohead-in-limbo-lyrics,/Radiohead-in-limbo-lyrics,https://images.genius.com/2ef12d208f35efeccc47842382841269.1000x1000x1.jpg,6,8,604,Radiohead,https://genius.com/artists/Radiohead,https://images.genius.com/6bcb8629b9b0f55c549d748bdcbca61c.372x372x1.jpg
7,114484,Knives Out,https://genius.com/Radiohead-knives-out-lyrics,/Radiohead-knives-out-lyrics,https://images.genius.com/201cd73f147fefe5be9fa4c4c9db70de.1000x1000x1.jpg,8,10,604,Radiohead,https://genius.com/artists/Radiohead,https://images.genius.com/6bcb8629b9b0f55c549d748bdcbca61c.372x372x1.jpg
7,76796,(Nice Dream),https://genius.com/Radiohead-nice-dream-lyrics,/Radiohead-nice-dream-lyrics,https://images.genius.com/96d0f6cc09c96e3f6ba51310e9e36bf5.1000x1000x1.jpg,3,9,604,Radiohead,https://genius.com/artists/Radiohead,https://images.genius.com/6bcb8629b9b0f55c549d748bdcbca61c.372x372x1.jpg
7,152675,Talk Show Host,https://genius.com/Radiohead-talk-show-host-lyrics,/Radiohead-talk-show-host-lyrics,https://images.genius.com/7e6511c0a24662f4b121ea58cb3036cf.1000x1000x1.jpg,6,13,604,Radiohead,https://genius.com/artists/Radiohead,https://images.genius.com/6bcb8629b9b0f55c549d748bdcbca61c.372x372x1.jpg
7,172680,Separator,https://genius.com/Radiohead-separator-lyrics,/Radiohead-separator-lyrics,https://images.genius.com/9c38aa55e2744b15033f145bd8bf3c0c.1000x1000x1.jpg,2,7,604,Radiohead,https://genius.com/artists/Radiohead,https://images.genius.com/6bcb8629b9b0f55c549d748bdcbca61c.372x372x1.jpg
8,76798,Bullet Proof ... I Wish I Was,https://genius.com/Radiohead-bullet-proof-i-wish-i-was-lyrics,/Radiohead-bullet-proof-i-wish-i-was-lyrics,https://images.genius.com/96d0f6cc09c96e3f6ba51310e9e36bf5.1000x1000x1.jpg,3,10,604,Radiohead,https://genius.com/artists/Radiohead,https://images.genius.com/6bcb8629b9b0f55c549d748bdcbca61c.372x372x1.jpg
8,172511,Life in a Glasshouse,https://genius.com/Radiohead-life-in-a-glasshouse-lyrics,/Radiohead-life-in-a-glasshouse-lyrics,https://images.genius.com/ea4b07d6e587872c497343f96266a1e0.1000x1000x1.jpg,8,17,604,Radiohead,https://genius.com/artists/Radiohead,https://images.genius.com/6bcb8629b9b0f55c549d748bdcbca61c.372x372x1.jpg
8,115482,Sail to the Moon,https://genius.com/Radiohead-sail-to-the-moon-lyrics,/Radiohead-sail-to-the-moon-lyrics,https://images.genius.com/040abb6a35d41a48f189a69f893776e7.1000x1000x1.jpg,4,6,604,Radiohead,https://genius.com/artists/Radiohead,https://images.genius.com/6bcb8629b9b0f55c549d748bdcbca61c.372x372x1.jpg
8,172678,Give Up the Ghost,https://genius.com/Radiohead-give-up-the-ghost-lyrics,/Radiohead-give-up-the-ghost-lyrics,https://images.genius.com/9c38aa55e2744b15033f145bd8bf3c0c.1000x1000x1.jpg,5,8,604,Radiohead,https://genius.com/artists/Radiohead,https://images.genius.com/6bcb8629b9b0f55c549d748bdcbca61c.372x372x1.jpg
8,71406,Planet Telex,https://genius.com/Radiohead-planet-telex-lyrics,/Radiohead-planet-telex-lyrics,https://images.genius.com/be209037c6eb607ee01d0addcc4f9020.1000x1000x1.jpg,5,5,604,Radiohead,https://genius.com/artists/Radiohead,https://images.genius.com/6bcb8629b9b0f55c549d748bdcbca61c.372x372x1.jpg
8,100887,I Will,https://genius.com/Radiohead-i-will-lyrics,/Radiohead-i-will-lyrics,https://images.genius.com/040abb6a35d41a48f189a69f893776e7.1000x1000x1.jpg,5,6,604,Radiohead,https://genius.com/artists/Radiohead,https://images.genius.com/6bcb8629b9b0f55c549d748bdcbca61c.372x372x1.jpg
8,172482,A Punchup at a Wedding,https://genius.com/Radiohead-a-punchup-at-a-wedding-lyrics,/Radiohead-a-punchup-at-a-wedding-lyrics,https://images.genius.com/e0fc93919470842ed4e188e3dea024c8.1000x1000x1.jpg,7,4,604,Radiohead,https://genius.com/artists/Radiohead,https://images.genius.com/6bcb8629b9b0f55c549d748bdcbca61c.372x372x1.jpg
8,112029,Like Spinning Plates,https://genius.com/Radiohead-like-spinning-plates-lyrics,/Radiohead-like-spinning-plates-lyrics,https://images.genius.com/ea4b07d6e587872c497343f96266a1e0.1000x1000x1.jpg,8,14,604,Radiohead,https://genius.com/artists/Radiohead,https://images.genius.com/6bcb8629b9b0f55c549d748bdcbca61c.372x372x1.jpg
8,114450,Packt Like Sardines in a Crushd Tin Box,https://genius.com/Radiohead-packt-like-sardines-in-a-crushd-tin-box-lyrics,/Radiohead-packt-like-sardines-in-a-crushd-tin-box-lyrics,https://images.genius.com/ea4b07d6e587872c497343f96266a1e0.1000x1000x1.jpg,2,7,604,Radiohead,https://genius.com/artists/Radiohead,https://images.genius.com/6bcb8629b9b0f55c549d748bdcbca61c.372x372x1.jpg
8,98114,You,https://genius.com/Radiohead-you-lyrics,/Radiohead-you-lyrics,https://images.genius.com/867c6a21fee39738d6d066b8c2dae187.1000x1000x1.jpg,2,9,604,Radiohead,https://genius.com/artists/Radiohead,https://images.genius.com/6bcb8629b9b0f55c549d748bdcbca61c.372x372x1.jpg
9,115471,Sit Down. Stand Up,https://genius.com/Radiohead-sit-down-stand-up-lyrics,/Radiohead-sit-down-stand-up-lyrics,https://images.genius.com/040abb6a35d41a48f189a69f893776e7.1000x1000x1.jpg,5,2,604,Radiohead,https://genius.com/artists/Radiohead,https://images.genius.com/6bcb8629b9b0f55c549d748bdcbca61c.372x372x1.jpg
9,172675,Little by Little,https://genius.com/Radiohead-little-by-little-lyrics,/Radiohead-little-by-little-lyrics,https://images.genius.com/9c38aa55e2744b15033f145bd8bf3c0c.1000x1000x1.jpg,4,5,604,Radiohead,https://genius.com/artists/Radiohead,https://images.genius.com/6bcb8629b9b0f55c549d748bdcbca61c.372x372x1.jpg
9,114471,Pulk/Pull Revolving Doors,https://genius.com/Radiohead-pulk-pull-revolving-doors-lyrics,/Radiohead-pulk-pull-revolving-doors-lyrics,https://images.genius.com/ea4b07d6e587872c497343f96266a1e0.1000x1000x1.jpg,7,5,604,Radiohead,https://genius.com/artists/Radiohead,https://images.genius.com/6bcb8629b9b0f55c549d748bdcbca61c.372x372x1.jpg
9,172682,The Daily Mail,https://genius.com/Radiohead-the-daily-mail-lyrics,/Radiohead-the-daily-mail-lyrics,https://images.genius.com/c3ae050706973fb2c2331f044a472775.1000x1000x1.jpg,13,7,604,Radiohead,https://genius.com/artists/Radiohead,https://images.genius.com/6bcb8629b9b0f55c549d748bdcbca61c.372x372x1.jpg
9,87815,Thinking About You,https://genius.com/Radiohead-thinking-about-you-lyrics,/Radiohead-thinking-about-you-lyrics,https://images.genius.com/867c6a21fee39738d6d066b8c2dae187.1000x1000x1.jpg,5,4,604,Radiohead,https://genius.com/artists/Radiohead,https://images.genius.com/6bcb8629b9b0f55c549d748bdcbca61c.372x372x1.jpg
9,1507731,Treefingers,https://genius.com/Radiohead-treefingers-lyrics,/Radiohead-treefingers-lyrics,https://images.genius.com/2ef12d208f35efeccc47842382841269.1000x1000x1.jpg,1,,604,Radiohead,https://genius.com/artists/Radiohead,https://images.genius.com/6bcb8629b9b0f55c549d748bdcbca61c.372x372x1.jpg
9,76795,Bones,https://genius.com/Radiohead-bones-lyrics,/Radiohead-bones-lyrics,https://images.genius.com/96d0f6cc09c96e3f6ba51310e9e36bf5.1000x1000x1.jpg,3,2,604,Radiohead,https://genius.com/artists/Radiohead,https://images.genius.com/6bcb8629b9b0f55c549d748bdcbca61c.372x372x1.jpg
9,278473,Polyethylene (Parts 1 & 2),https://genius.com/Radiohead-polyethylene-parts-1-and-2-lyrics,/Radiohead-polyethylene-parts-1-and-2-lyrics,https://images.genius.com/7837eeafa5c092fa15a689cc4188e589.1000x1000x1.jpg,8,4,604,Radiohead,https://genius.com/artists/Radiohead,https://images.genius.com/6bcb8629b9b0f55c549d748bdcbca61c.372x372x1.jpg
9,82986,Go to Sleep,https://genius.com/Radiohead-go-to-sleep-lyrics,/Radiohead-go-to-sleep-lyrics,https://images.genius.com/e0fc93919470842ed4e188e3dea024c8.1000x1000x1.jpg,9,5,604,Radiohead,https://genius.com/artists/Radiohead,https://images.genius.com/6bcb8629b9b0f55c549d748bdcbca61c.372x372x1.jpg
9,114888,Dollars and Cents,https://genius.com/Radiohead-dollars-and-cents-lyrics,/Radiohead-dollars-and-cents-lyrics,https://images.genius.com/ea4b07d6e587872c497343f96266a1e0.1000x1000x1.jpg,6,2,604,Radiohead,https://genius.com/artists/Radiohead,https://images.genius.com/6bcb8629b9b0f55c549d748bdcbca61c.372x372x1.jpg
10,116066,The Gloaming,https://genius.com/Radiohead-the-gloaming-lyrics,/Radiohead-the-gloaming-lyrics,https://images.genius.com/040abb6a35d41a48f189a69f893776e7.1000x1000x1.jpg,9,5,604,Radiohead,https://genius.com/artists/Radiohead,https://images.genius.com/6bcb8629b9b0f55c549d748bdcbca61c.372x372x1.jpg
10,172485,Scatterbrain,https://genius.com/Radiohead-scatterbrain-lyrics,/Radiohead-scatterbrain-lyrics,https://images.genius.com/040abb6a35d41a48f189a69f893776e7.1000x1000x1.jpg,6,8,604,Radiohead,https://genius.com/artists/Radiohead,https://images.genius.com/6bcb8629b9b0f55c549d748bdcbca61c.372x372x1.jpg
10,172676,Feral,https://genius.com/Radiohead-feral-lyrics,/Radiohead-feral-lyrics,https://images.genius.com/9c38aa55e2744b15033f145bd8bf3c0c.1000x1000x1.jpg,2,3,604,Radiohead,https://genius.com/artists/Radiohead,https://images.genius.com/6bcb8629b9b0f55c549d748bdcbca61c.372x372x1.jpg
10,172673,Morning Mr. Magpie,https://genius.com/Radiohead-morning-mr-magpie-lyrics,/Radiohead-morning-mr-magpie-lyrics,https://images.genius.com/9c38aa55e2744b15033f145bd8bf3c0c.1000x1000x1.jpg,3,3,604,Radiohead,https://genius.com/artists/Radiohead,https://images.genius.com/6bcb8629b9b0f55c549d748bdcbca61c.372x372x1.jpg
10,76800,Sulk,https://genius.com/Radiohead-sulk-lyrics,/Radiohead-sulk-lyrics,https://images.genius.com/96d0f6cc09c96e3f6ba51310e9e36bf5.1000x1000x1.jpg,4,3,604,Radiohead,https://genius.com/artists/Radiohead,https://images.genius.com/6bcb8629b9b0f55c549d748bdcbca61c.372x372x1.jpg
10,116065,We Suck Young Blood,https://genius.com/Radiohead-we-suck-young-blood-lyrics,/Radiohead-we-suck-young-blood-lyrics,https://images.genius.com/040abb6a35d41a48f189a69f893776e7.1000x1000x1.jpg,4,5,604,Radiohead,https://genius.com/artists/Radiohead,https://images.genius.com/6bcb8629b9b0f55c549d748bdcbca61c.372x372x1.jpg
10,399126,Anyone Can Play Guitar,https://genius.com/Radiohead-anyone-can-play-guitar-lyrics,/Radiohead-anyone-can-play-guitar-lyrics,https://images.genius.com/7e8ec7d3265b0867ba38e232650f7c82.1000x1000x1.jpg,4,1,604,Radiohead,https://genius.com/artists/Radiohead,https://images.genius.com/6bcb8629b9b0f55c549d748bdcbca61c.372x372x1.jpg
10,115490,Backdrifts,https://genius.com/Radiohead-backdrifts-lyrics,/Radiohead-backdrifts-lyrics,https://images.genius.com/040abb6a35d41a48f189a69f893776e7.1000x1000x1.jpg,3,4,604,Radiohead,https://genius.com/artists/Radiohead,https://images.genius.com/6bcb8629b9b0f55c549d748bdcbca61c.372x372x1.jpg
10,247870,OK Computer [Tracklist + Album Cover],https://genius.com/Radiohead-ok-computer-tracklist-album-cover-annotated,/Radiohead-ok-computer-tracklist-album-cover-annotated,https://images.genius.com/c327963df7e38c3722b2dd4b6b817e6c.1000x1000x1.png,2,5,604,Radiohead,https://genius.com/artists/Radiohead,https://images.genius.com/6bcb8629b9b0f55c549d748bdcbca61c.372x372x1.jpg
10,196291,Last Flowers,https://genius.com/Radiohead-last-flowers-lyrics,/Radiohead-last-flowers-lyrics,https://images.genius.com/25ef3ac1dee60f467c3220f7b9fc8530.1000x1000x1.jpg,4,11,604,Radiohead,https://genius.com/artists/Radiohead,https://images.genius.com/6bcb8629b9b0f55c549d748bdcbca61c.372x372x1.jpg
11,397216,Up on the Ladder,https://genius.com/Radiohead-up-on-the-ladder-lyrics,/Radiohead-up-on-the-ladder-lyrics,https://images.genius.com/25ef3ac1dee60f467c3220f7b9fc8530.1000x1000x1.jpg,2,4,604,Radiohead,https://genius.com/artists/Radiohead,https://images.genius.com/6bcb8629b9b0f55c549d748bdcbca61c.372x372x1.jpg
11,1393728,Harry Patch (In Memory Of),https://genius.com/Radiohead-harry-patch-in-memory-of-lyrics,/Radiohead-harry-patch-in-memory-of-lyrics,https://images.genius.com/259e73e3cfd40c771542de6a63553f65.1000x1000x1.jpg,5,2,604,Radiohead,https://genius.com/artists/Radiohead,https://images.genius.com/6bcb8629b9b0f55c549d748bdcbca61c.372x372x1.jpg
11,554110,Blow Out,https://genius.com/Radiohead-blow-out-lyrics,/Radiohead-blow-out-lyrics,https://images.genius.com/867c6a21fee39738d6d066b8c2dae187.1000x1000x1.jpg,5,3,604,Radiohead,https://genius.com/artists/Radiohead,https://images.genius.com/6bcb8629b9b0f55c549d748bdcbca61c.372x372x1.jpg
11,114894,Hunting Bears,https://genius.com/Radiohead-hunting-bears-lyrics,/Radiohead-hunting-bears-lyrics,https://images.genius.com/ea4b07d6e587872c497343f96266a1e0.1000x1000x1.jpg,2,,604,Radiohead,https://genius.com/artists/Radiohead,https://images.genius.com/6bcb8629b9b0f55c549d748bdcbca61c.372x372x1.jpg
11,3235842,(ocean) bloom,https://genius.com/Radiohead-ocean-bloom-lyrics,/Radiohead-ocean-bloom-lyrics,https://images.genius.com/222ab89d2336bd1c89bf912a90b3c042.1000x1000x1.jpg,3,2,604,Radiohead,https://genius.com/artists/Radiohead,https://images.genius.com/6bcb8629b9b0f55c549d748bdcbca61c.372x372x1.jpg
11,196286,Bangers + Mash,https://genius.com/Radiohead-bangers-mash-lyrics,/Radiohead-bangers-mash-lyrics,https://images.genius.com/25ef3ac1dee60f467c3220f7b9fc8530.1000x1000x1.jpg,6,,604,Radiohead,https://genius.com/artists/Radiohead,https://images.genius.com/6bcb8629b9b0f55c549d748bdcbca61c.372x372x1.jpg
11,138700,Stop Whispering,https://genius.com/Radiohead-stop-whispering-lyrics,/Radiohead-stop-whispering-lyrics,https://images.rapgenius.com/603009c15e31962ecf9317f1a7ff7c95.1000x979x1.jpg,4,1,604,Radiohead,https://genius.com/artists/Radiohead,https://images.genius.com/6bcb8629b9b0f55c549d748bdcbca61c.372x372x1.jpg
11,247859,In Rainbows [Tracklist + Album Cover],https://genius.com/Radiohead-in-rainbows-tracklist-album-cover-annotated,/Radiohead-in-rainbows-tracklist-album-cover-annotated,https://images.genius.com/f9fc573a95e98a73b8456850f2653b37.1000x1000x1.jpg,2,3,604,Radiohead,https://genius.com/artists/Radiohead,https://images.genius.com/6bcb8629b9b0f55c549d748bdcbca61c.372x372x1.jpg
11,1114745,Morning Bell/Amnesiac,https://genius.com/Radiohead-morning-bell-amnesiac-lyrics,/Radiohead-morning-bell-amnesiac-lyrics,https://images.genius.com/ea4b07d6e587872c497343f96266a1e0.1000x1000x1.jpg,2,,604,Radiohead,https://genius.com/artists/Radiohead,https://images.genius.com/6bcb8629b9b0f55c549d748bdcbca61c.372x372x1.jpg
11,179045,How Do You?,https://genius.com/Radiohead-how-do-you-lyrics,/Radiohead-how-do-you-lyrics,https://images.genius.com/867c6a21fee39738d6d066b8c2dae187.1000x1000x1.jpg,0,2,604,Radiohead,https://genius.com/artists/Radiohead,https://images.genius.com/6bcb8629b9b0f55c549d748bdcbca61c.372x372x1.jpg
12,196293,Fog,https://genius.com/Radiohead-fog-lyrics,/Radiohead-fog-lyrics,https://images.genius.com/2d6a019368bbe6644db26017342b6d9c.1000x1000x1.jpg,7,,604,Radiohead,https://genius.com/artists/Radiohead,https://images.genius.com/6bcb8629b9b0f55c549d748bdcbca61c.372x372x1.jpg
12,278478,Pearly*,https://genius.com/Radiohead-pearly-lyrics,/Radiohead-pearly-lyrics,https://images.genius.com/7837eeafa5c092fa15a689cc4188e589.1000x1000x1.jpg,2,1,604,Radiohead,https://genius.com/artists/Radiohead,https://images.genius.com/6bcb8629b9b0f55c549d748bdcbca61c.372x372x1.jpg
12,186542,Prove Yourself,https://genius.com/Radiohead-prove-yourself-lyrics,/Radiohead-prove-yourself-lyrics,https://images.genius.com/867c6a21fee39738d6d066b8c2dae187.1000x1000x1.jpg,5,4,604,Radiohead,https://genius.com/artists/Radiohead,https://images.genius.com/6bcb8629b9b0f55c549d748bdcbca61c.372x372x1.jpg
12,3285439,I Will (Radiohead Cover),https://genius.com/Loqiemean-i-will-radiohead-cover-lyrics,/Loqiemean-i-will-radiohead-cover-lyrics,https://images.genius.com/c996ba2a2073cf69cdd929282973f765.640x644x1.jpg,4,2,637222,Loqiemean,https://genius.com/artists/Loqiemean,https://images.genius.com/1d55302e776ea6b0a8aba36ff8cd3900.1000x1000x1.jpg
12,115979,Palo Alto,https://genius.com/Radiohead-palo-alto-lyrics,/Radiohead-palo-alto-lyrics,https://images.genius.com/c0c5fcf6ee6116862a643686a639bde3.640x640x1.jpg,4,6,604,Radiohead,https://genius.com/artists/Radiohead,https://images.genius.com/6bcb8629b9b0f55c549d748bdcbca61c.372x372x1.jpg
12,554106,I Can’t,https://genius.com/Radiohead-i-cant-lyrics,/Radiohead-i-cant-lyrics,https://images.genius.com/867c6a21fee39738d6d066b8c2dae187.1000x1000x1.jpg,1,2,604,Radiohead,https://genius.com/artists/Radiohead,https://images.genius.com/6bcb8629b9b0f55c549d748bdcbca61c.372x372x1.jpg
12,405159,Go Slowly,https://genius.com/Radiohead-go-slowly-lyrics,/Radiohead-go-slowly-lyrics,https://images.genius.com/25ef3ac1dee60f467c3220f7b9fc8530.1000x1000x1.jpg,1,6,604,Radiohead,https://genius.com/artists/Radiohead,https://images.genius.com/6bcb8629b9b0f55c549d748bdcbca61c.372x372x1.jpg
12,554107,Lurgee,https://genius.com/Radiohead-lurgee-lyrics,/Radiohead-lurgee-lyrics,https://images.genius.com/867c6a21fee39738d6d066b8c2dae187.1000x1000x1.jpg,1,5,604,Radiohead,https://genius.com/artists/Radiohead,https://images.genius.com/6bcb8629b9b0f55c549d748bdcbca61c.372x372x1.jpg
12,468121,Vegetable,https://genius.com/Radiohead-vegetable-lyrics,/Radiohead-vegetable-lyrics,https://images.genius.com/867c6a21fee39738d6d066b8c2dae187.1000x1000x1.jpg,1,1,604,Radiohead,https://genius.com/artists/Radiohead,https://images.genius.com/6bcb8629b9b0f55c549d748bdcbca61c.372x372x1.jpg
12,554101,Ripcord,https://genius.com/Radiohead-ripcord-lyrics,/Radiohead-ripcord-lyrics,https://images.genius.com/867c6a21fee39738d6d066b8c2dae187.1000x1000x1.jpg,5,2,604,Radiohead,https://genius.com/artists/Radiohead,https://images.genius.com/6bcb8629b9b0f55c549d748bdcbca61c.372x372x1.jpg
13,501982,Kid A [Tracklist + Album Cover],https://genius.com/Radiohead-kid-a-tracklist-album-cover-annotated,/Radiohead-kid-a-tracklist-album-cover-annotated,https://images.genius.com/2ef12d208f35efeccc47842382841269.1000x1000x1.jpg,2,,604,Radiohead,https://genius.com/artists/Radiohead,https://images.genius.com/6bcb8629b9b0f55c549d748bdcbca61c.372x372x1.jpg
13,398455,Supercollider,https://genius.com/Radiohead-supercollider-lyrics,/Radiohead-supercollider-lyrics,https://images.genius.com/7fda15b2aadaa61d9bd9655b543a42ee.1000x1000x1.jpg,12,4,604,Radiohead,https://genius.com/artists/Radiohead,https://images.genius.com/6bcb8629b9b0f55c549d748bdcbca61c.372x372x1.jpg
13,278513,How I Made My Millions,https://genius.com/Radiohead-how-i-made-my-millions-lyrics,/Radiohead-how-i-made-my-millions-lyrics,https://images.genius.com/c0c5fcf6ee6116862a643686a639bde3.640x640x1.jpg,5,10,604,Radiohead,https://genius.com/artists/Radiohead,https://images.genius.com/6bcb8629b9b0f55c549d748bdcbca61c.372x372x1.jpg
13,350060,The Amazing Sounds of Orgy,https://genius.com/Radiohead-the-amazing-sounds-of-orgy-lyrics,/Radiohead-the-amazing-sounds-of-orgy-lyrics,https://images.genius.com/b1f03fee766e68c258ebfd4bbd7c221a.1000x1000x1.jpg,3,7,604,Radiohead,https://genius.com/artists/Radiohead,https://images.genius.com/6bcb8629b9b0f55c549d748bdcbca61c.372x372x1.jpg
13,230441,Pop Is Dead,https://genius.com/Radiohead-pop-is-dead-lyrics,/Radiohead-pop-is-dead-lyrics,https://images.rapgenius.com/046ff0da39261f024fa12d7b262e61a9.500x499x1.jpg,7,2,604,Radiohead,https://genius.com/artists/Radiohead,https://images.genius.com/6bcb8629b9b0f55c549d748bdcbca61c.372x372x1.jpg
13,1040130,Meeting in the Aisle,https://genius.com/Radiohead-meeting-in-the-aisle-lyrics,/Radiohead-meeting-in-the-aisle-lyrics,https://images.genius.com/cbd7fd4d929025b901b44a2148b40ff7.600x602x1.jpg,1,2,604,Radiohead,https://genius.com/artists/Radiohead,https://images.genius.com/6bcb8629b9b0f55c549d748bdcbca61c.372x372x1.jpg
13,529934,Banana Co,https://genius.com/Radiohead-banana-co-lyrics,/Radiohead-banana-co-lyrics,https://images.genius.com/7e6511c0a24662f4b121ea58cb3036cf.1000x1000x1.jpg,6,4,604,Radiohead,https://genius.com/artists/Radiohead,https://images.genius.com/6bcb8629b9b0f55c549d748bdcbca61c.372x372x1.jpg
13,51385,Staircase,https://genius.com/Radiohead-staircase-lyrics,/Radiohead-staircase-lyrics,https://images.genius.com/c3ae050706973fb2c2331f044a472775.1000x1000x1.jpg,2,6,604,Radiohead,https://genius.com/artists/Radiohead,https://images.genius.com/6bcb8629b9b0f55c549d748bdcbca61c.372x372x1.jpg
13,526748,4 Minute Warning,https://genius.com/Radiohead-4-minute-warning-lyrics,/Radiohead-4-minute-warning-lyrics,https://images.genius.com/25ef3ac1dee60f467c3220f7b9fc8530.1000x1000x1.jpg,2,5,604,Radiohead,https://genius.com/artists/Radiohead,https://images.genius.com/6bcb8629b9b0f55c549d748bdcbca61c.372x372x1.jpg
13,398460,The Butcher,https://genius.com/Radiohead-the-butcher-lyrics,/Radiohead-the-butcher-lyrics,https://images.genius.com/7fda15b2aadaa61d9bd9655b543a42ee.1000x1000x1.jpg,5,2,604,Radiohead,https://genius.com/artists/Radiohead,https://images.genius.com/6bcb8629b9b0f55c549d748bdcbca61c.372x372x1.jpg
14,1039606,These Are My Twisted Words,https://genius.com/Radiohead-these-are-my-twisted-words-lyrics,/Radiohead-these-are-my-twisted-words-lyrics,https://images.genius.com/4b253f662678407c1a66545a9842cb3d.285x285x1.jpg,1,1,604,Radiohead,https://genius.com/artists/Radiohead,https://images.genius.com/6bcb8629b9b0f55c549d748bdcbca61c.372x372x1.jpg
14,432708,Down Is the New Up,https://genius.com/Radiohead-down-is-the-new-up-lyrics,/Radiohead-down-is-the-new-up-lyrics,https://images.genius.com/d8b23a343af92328ed3d57128c2ec558.1000x1000x1.jpg,4,3,604,Radiohead,https://genius.com/artists/Radiohead,https://images.genius.com/6bcb8629b9b0f55c549d748bdcbca61c.372x372x1.jpg
14,389518,Cuttooth,https://genius.com/Radiohead-cuttooth-lyrics,/Radiohead-cuttooth-lyrics,https://images.genius.com/2d6a019368bbe6644db26017342b6d9c.1000x1000x1.jpg,6,2,604,Radiohead,https://genius.com/artists/Radiohead,https://images.genius.com/6bcb8629b9b0f55c549d748bdcbca61c.372x372x1.jpg
14,2870264,Ill Wind,https://genius.com/Radiohead-ill-wind-lyrics,/Radiohead-ill-wind-lyrics,https://images.genius.com/65253ae4201a5334717657fc25749c7e.1000x1000x1.jpg,4,7,604,Radiohead,https://genius.com/artists/Radiohead,https://images.genius.com/6bcb8629b9b0f55c549d748bdcbca61c.372x372x1.jpg
14,66970,Cut A Hole,https://genius.com/Radiohead-cut-a-hole-lyrics,/Radiohead-cut-a-hole-lyrics,https://images.genius.com/6bcb8629b9b0f55c549d748bdcbca61c.372x372x1.jpg,1,,604,Radiohead,https://genius.com/artists/Radiohead,https://images.genius.com/6bcb8629b9b0f55c549d748bdcbca61c.372x372x1.jpg
14,642620,The Trickster,https://genius.com/Radiohead-the-trickster-lyrics,/Radiohead-the-trickster-lyrics,https://images.rapgenius.com/0d14d86aec456da16a05b6b0b2bb6900.500x500x1.jpg,1,1,604,Radiohead,https://genius.com/artists/Radiohead,https://images.genius.com/6bcb8629b9b0f55c549d748bdcbca61c.372x372x1.jpg
14,3534048,Untitled,https://genius.com/Radiohead-untitled-lyrics,/Radiohead-untitled-lyrics,https://images.genius.com/2ef12d208f35efeccc47842382841269.1000x1000x1.jpg,1,,604,Radiohead,https://genius.com/artists/Radiohead,https://images.genius.com/6bcb8629b9b0f55c549d748bdcbca61c.372x372x1.jpg
14,278481,Melatonin,https://genius.com/Radiohead-melatonin-lyrics,/Radiohead-melatonin-lyrics,https://images.genius.com/9df1eefb23a16096c42b2ffcd84ac658.600x602x1.jpg,1,,604,Radiohead,https://genius.com/artists/Radiohead,https://images.genius.com/6bcb8629b9b0f55c549d748bdcbca61c.372x372x1.jpg
14,350065,Worrywort,https://genius.com/Radiohead-worrywort-lyrics,/Radiohead-worrywort-lyrics,https://images.genius.com/2d6a019368bbe6644db26017342b6d9c.1000x1000x1.jpg,1,,604,Radiohead,https://genius.com/artists/Radiohead,https://images.genius.com/6bcb8629b9b0f55c549d748bdcbca61c.372x372x1.jpg
14,278480,A Reminder,https://genius.com/Radiohead-a-reminder-lyrics,/Radiohead-a-reminder-lyrics,https://images.genius.com/9df1eefb23a16096c42b2ffcd84ac658.600x602x1.jpg,2,7,604,Radiohead,https://genius.com/artists/Radiohead,https://images.genius.com/6bcb8629b9b0f55c549d748bdcbca61c.372x372x1.jpg
15,2138992,India Rubber,https://genius.com/Radiohead-india-rubber-lyrics,/Radiohead-india-rubber-lyrics,https://images.genius.com/0e58ef208b3ece122a98759763a8b903.1000x1000x1.jpg,2,2,604,Radiohead,https://genius.com/artists/Radiohead,https://images.genius.com/6bcb8629b9b0f55c549d748bdcbca61c.372x372x1.jpg
15,1589541,Inside My Head,https://genius.com/Radiohead-inside-my-head-lyrics,/Radiohead-inside-my-head-lyrics,https://images.genius.com/78add53feb04af8ccee9956349b382b0.1000x1000x1.jpg,2,1,604,Radiohead,https://genius.com/artists/Radiohead,https://images.genius.com/6bcb8629b9b0f55c549d748bdcbca61c.372x372x1.jpg
15,278492,Lull,https://genius.com/Radiohead-lull-lyrics,/Radiohead-lull-lyrics,https://images.genius.com/1338dca39fc1f11028e4224c3990b265.600x600x1.jpg,1,,604,Radiohead,https://genius.com/artists/Radiohead,https://images.genius.com/6bcb8629b9b0f55c549d748bdcbca61c.372x372x1.jpg
15,170388,Killer Cars,https://genius.com/Radiohead-killer-cars-lyrics,/Radiohead-killer-cars-lyrics,https://images.genius.com/6916b18766c9094cfdb1a5251a51d0a4.1000x1000x1.jpg,4,1,604,Radiohead,https://genius.com/artists/Radiohead,https://images.genius.com/6bcb8629b9b0f55c549d748bdcbca61c.372x372x1.jpg
15,2853637,Where Bluebirds Fly,https://genius.com/Radiohead-where-bluebirds-fly-lyrics,/Radiohead-where-bluebirds-fly-lyrics,https://images.genius.com/cce69bc7713157e600b82d87bd21db3d.562x562x1.jpg,1,,604,Radiohead,https://genius.com/artists/Radiohead,https://images.genius.com/6bcb8629b9b0f55c549d748bdcbca61c.372x372x1.jpg
15,1437530,Nude Early Band Version,https://genius.com/Radiohead-nude-early-band-version-lyrics,/Radiohead-nude-early-band-version-lyrics,https://images.genius.com/63e3cd49bdc8ffeb6afea64f616f3388.800x800x1.jpg,3,1,604,Radiohead,https://genius.com/artists/Radiohead,https://images.genius.com/6bcb8629b9b0f55c549d748bdcbca61c.372x372x1.jpg
15,432878,Punchdrunk Lovesick Singalong,https://genius.com/Radiohead-punchdrunk-lovesick-singalong-lyrics,/Radiohead-punchdrunk-lovesick-singalong-lyrics,https://images.genius.com/801e2a3d77e3ed0c6f0257d7f104ddeb.1000x1000x1.jpg,2,,604,Radiohead,https://genius.com/artists/Radiohead,https://images.genius.com/6bcb8629b9b0f55c549d748bdcbca61c.372x372x1.jpg
15,196340,Paperbag Writer,https://genius.com/Radiohead-paperbag-writer-lyrics,/Radiohead-paperbag-writer-lyrics,https://images.genius.com/a5bdb8860f3f0cfce178c424b0135490.567x567x1.jpg,3,1,604,Radiohead,https://genius.com/artists/Radiohead,https://images.genius.com/6bcb8629b9b0f55c549d748bdcbca61c.372x372x1.jpg
15,196296,How Can You Be Sure?,https://genius.com/Radiohead-how-can-you-be-sure-lyrics,/Radiohead-how-can-you-be-sure-lyrics,https://images.genius.com/0e58ef208b3ece122a98759763a8b903.1000x1000x1.jpg,1,2,604,Radiohead,https://genius.com/artists/Radiohead,https://images.genius.com/6bcb8629b9b0f55c549d748bdcbca61c.372x372x1.jpg
15,432705,Gagging Order,https://genius.com/Radiohead-gagging-order-lyrics,/Radiohead-gagging-order-lyrics,https://images.genius.com/a9fee57b2f80f5c54abad29e157a4a58.562x562x1.jpg,3,1,604,Radiohead,https://genius.com/artists/Radiohead,https://images.genius.com/6bcb8629b9b0f55c549d748bdcbca61c.372x372x1.jpg
16,383974,Radiohead,https://genius.com/Cage-radiohead-lyrics,/Cage-radiohead-lyrics,https://images.genius.com/a6aca3eb5aae1296ebfa9d51f15e38af.600x381x1.jpg,4,2,1068,Cage,https://genius.com/artists/Cage,https://images.genius.com/f01cacc8ef712f592d3a44e9ad9a2392.285x285x1.jpg
16,642617,Permanent Daylight,https://genius.com/Radiohead-permanent-daylight-lyrics,/Radiohead-permanent-daylight-lyrics,https://images.genius.com/801e2a3d77e3ed0c6f0257d7f104ddeb.1000x1000x1.jpg,1,2,604,Radiohead,https://genius.com/artists/Radiohead,https://images.genius.com/6bcb8629b9b0f55c549d748bdcbca61c.372x372x1.jpg
16,885240,Fast-Track,https://genius.com/Radiohead-fast-track-lyrics,/Radiohead-fast-track-lyrics,https://images.genius.com/b1f03fee766e68c258ebfd4bbd7c221a.1000x1000x1.jpg,1,1,604,Radiohead,https://genius.com/artists/Radiohead,https://images.genius.com/6bcb8629b9b0f55c549d748bdcbca61c.372x372x1.jpg
16,642622,You Never Wash Up After Yourself,https://genius.com/Radiohead-you-never-wash-up-after-yourself-lyrics,/Radiohead-you-never-wash-up-after-yourself-lyrics,https://images.genius.com/801e2a3d77e3ed0c6f0257d7f104ddeb.1000x1000x1.jpg,1,,604,Radiohead,https://genius.com/artists/Radiohead,https://images.genius.com/6bcb8629b9b0f55c549d748bdcbca61c.372x372x1.jpg
16,1612262,Bishop’s Robes,https://genius.com/Radiohead-bishops-robes-lyrics,/Radiohead-bishops-robes-lyrics,https://images.genius.com/7e6511c0a24662f4b121ea58cb3036cf.1000x1000x1.jpg,1,,604,Radiohead,https://genius.com/artists/Radiohead,https://images.genius.com/6bcb8629b9b0f55c549d748bdcbca61c.372x372x1.jpg
16,3154642,Attention,https://genius.com/Radiohead-attention-lyrics,/Radiohead-attention-lyrics,https://images.genius.com/63e3cd49bdc8ffeb6afea64f616f3388.800x800x1.jpg,1,,604,Radiohead,https://genius.com/artists/Radiohead,https://images.genius.com/6bcb8629b9b0f55c549d748bdcbca61c.372x372x1.jpg
16,642613,Lozenge of Love,https://genius.com/Radiohead-lozenge-of-love-lyrics,/Radiohead-lozenge-of-love-lyrics,https://images.genius.com/801e2a3d77e3ed0c6f0257d7f104ddeb.1000x1000x1.jpg,1,1,604,Radiohead,https://genius.com/artists/Radiohead,https://images.genius.com/6bcb8629b9b0f55c549d748bdcbca61c.372x372x1.jpg
16,1737669,Faithless the Wonderboy,https://genius.com/Radiohead-faithless-the-wonderboy-lyrics,/Radiohead-faithless-the-wonderboy-lyrics,https://images.genius.com/6916b18766c9094cfdb1a5251a51d0a4.1000x1000x1.jpg,6,,604,Radiohead,https://genius.com/artists/Radiohead,https://images.genius.com/6bcb8629b9b0f55c549d748bdcbca61c.372x372x1.jpg
16,1073949,Maquiladora,https://genius.com/Radiohead-maquiladora-lyrics,/Radiohead-maquiladora-lyrics,https://images.genius.com/c185f6e84cd1119af63c7a20439dc41a.1000x1000x1.jpg,3,,604,Radiohead,https://genius.com/artists/Radiohead,https://images.genius.com/6bcb8629b9b0f55c549d748bdcbca61c.372x372x1.jpg
16,1226422,Yes I Am,https://genius.com/Radiohead-yes-i-am-lyrics,/Radiohead-yes-i-am-lyrics,https://images.genius.com/78add53feb04af8ccee9956349b382b0.1000x1000x1.jpg,1,2,604,Radiohead,https://genius.com/artists/Radiohead,https://images.genius.com/6bcb8629b9b0f55c549d748bdcbca61c.372x372x1.jpg
17,1417518,Coke Babies,https://genius.com/Radiohead-coke-babies-lyrics,/Radiohead-coke-babies-lyrics,https://images.genius.com/9e72e1b882073627e2ecfe5bc954331e.500x499x1.jpg,1,,604,Radiohead,https://genius.com/artists/Radiohead,https://images.genius.com/6bcb8629b9b0f55c549d748bdcbca61c.372x372x1.jpg
17,196299,Trans-Atlantic Drawl,https://genius.com/Radiohead-trans-atlantic-drawl-lyrics,/Radiohead-trans-atlantic-drawl-lyrics,https://images.genius.com/b1f03fee766e68c258ebfd4bbd7c221a.1000x1000x1.jpg,4,,604,Radiohead,https://genius.com/artists/Radiohead,https://images.genius.com/6bcb8629b9b0f55c549d748bdcbca61c.372x372x1.jpg
17,1589665,Molasses,https://genius.com/Radiohead-molasses-lyrics,/Radiohead-molasses-lyrics,https://images.genius.com/7e6511c0a24662f4b121ea58cb3036cf.1000x1000x1.jpg,0,,604,Radiohead,https://genius.com/artists/Radiohead,https://images.genius.com/6bcb8629b9b0f55c549d748bdcbca61c.372x372x1.jpg
17,196298,Lewis (Mistreated),https://genius.com/Radiohead-lewis-mistreated-lyrics,/Radiohead-lewis-mistreated-lyrics,https://images.genius.com/801e2a3d77e3ed0c6f0257d7f104ddeb.1000x1000x1.jpg,1,2,604,Radiohead,https://genius.com/artists/Radiohead,https://images.genius.com/6bcb8629b9b0f55c549d748bdcbca61c.372x372x1.jpg
17,1682978,Million Dollar Question,https://genius.com/Radiohead-million-dollar-question-lyrics,/Radiohead-million-dollar-question-lyrics,https://images.genius.com/78add53feb04af8ccee9956349b382b0.1000x1000x1.jpg,2,,604,Radiohead,https://genius.com/artists/Radiohead,https://images.genius.com/6bcb8629b9b0f55c549d748bdcbca61c.372x372x1.jpg
17,940813,Stupid Car,https://genius.com/Radiohead-stupid-car-lyrics,/Radiohead-stupid-car-lyrics,https://images.genius.com/568f7ea4d1a7042ab96582779995f0fd.1000x1000x1.jpg,3,,604,Radiohead,https://genius.com/artists/Radiohead,https://images.genius.com/6bcb8629b9b0f55c549d748bdcbca61c.372x372x1.jpg
17,523644,Radiohead’s “Kid A” (33 1/3 excerpt),https://genius.com/Marvin-lin-radioheads-kid-a-33-1-3-excerpt-annotated,/Marvin-lin-radioheads-kid-a-33-1-3-excerpt-annotated,https://images.genius.com/455fa1d11ba1e8990ed806d1444402b1.1000x1000x1.jpg,20,9,230872,Marvin Lin,https://genius.com/artists/Marvin-lin,https://images.rapgenius.com/avatars/medium/aff249552df58616b282f0fb725e4c19
17,911504,Kinetic,https://genius.com/Radiohead-kinetic-lyrics,/Radiohead-kinetic-lyrics,https://images.genius.com/b1f03fee766e68c258ebfd4bbd7c221a.1000x1000x1.jpg,2,3,604,Radiohead,https://genius.com/artists/Radiohead,https://images.genius.com/6bcb8629b9b0f55c549d748bdcbca61c.372x372x1.jpg
17,1356505,I Am Citizen Insane,https://genius.com/Radiohead-i-am-citizen-insane-lyrics,/Radiohead-i-am-citizen-insane-lyrics,https://images.genius.com/a9fee57b2f80f5c54abad29e157a4a58.562x562x1.jpg,1,,604,Radiohead,https://genius.com/artists/Radiohead,https://images.genius.com/6bcb8629b9b0f55c549d748bdcbca61c.372x372x1.jpg
18,3154640,I May Be Paranoid But Not An Android...,https://genius.com/Radiohead-i-may-be-paranoid-but-not-an-android-lyrics,/Radiohead-i-may-be-paranoid-but-not-an-android-lyrics,https://images.genius.com/63e3cd49bdc8ffeb6afea64f616f3388.800x800x1.jpg,1,,604,Radiohead,https://genius.com/artists/Radiohead,https://images.genius.com/6bcb8629b9b0f55c549d748bdcbca61c.372x372x1.jpg
18,2847737,MK 1,https://genius.com/Radiohead-mk-1-lyrics,/Radiohead-mk-1-lyrics,https://images.genius.com/25ef3ac1dee60f467c3220f7b9fc8530.1000x1000x1.jpg,1,,604,Radiohead,https://genius.com/artists/Radiohead,https://images.genius.com/6bcb8629b9b0f55c549d748bdcbca61c.372x372x1.jpg
18,501918,Hail to the Thief [Tracklist + Album Art],https://genius.com/Radiohead-hail-to-the-thief-tracklist-album-art-annotated,/Radiohead-hail-to-the-thief-tracklist-album-art-annotated,https://images.genius.com/040abb6a35d41a48f189a69f893776e7.1000x1000x1.jpg,3,1,604,Radiohead,https://genius.com/artists/Radiohead,https://images.genius.com/6bcb8629b9b0f55c549d748bdcbca61c.372x372x1.jpg
18,3154693,No Surprises (First Idea From a Soundcheck Somewhere),https://genius.com/Radiohead-no-surprises-first-idea-from-a-soundcheck-somewhere-lyrics,/Radiohead-no-surprises-first-idea-from-a-soundcheck-somewhere-lyrics,https://images.genius.com/63e3cd49bdc8ffeb6afea64f616f3388.800x800x1.jpg,1,,604,Radiohead,https://genius.com/artists/Radiohead,https://images.genius.com/6bcb8629b9b0f55c549d748bdcbca61c.372x372x1.jpg
18,1759746,The Thief,https://genius.com/Radiohead-the-thief-lyrics,/Radiohead-the-thief-lyrics,https://images.genius.com/6bcb8629b9b0f55c549d748bdcbca61c.372x372x1.jpg,1,,604,Radiohead,https://genius.com/artists/Radiohead,https://images.genius.com/6bcb8629b9b0f55c549d748bdcbca61c.372x372x1.jpg
18,862170,I Want None of This,https://genius.com/Radiohead-i-want-none-of-this-lyrics,/Radiohead-i-want-none-of-this-lyrics,https://images.genius.com/7e7ca12a2ba3ec9f45e72f502faa606e.600x600x1.jpg,0,,604,Radiohead,https://genius.com/artists/Radiohead,https://images.genius.com/6bcb8629b9b0f55c549d748bdcbca61c.372x372x1.jpg
18,2210804,Follow Me Around,https://genius.com/Radiohead-follow-me-around-lyrics,/Radiohead-follow-me-around-lyrics,https://images.genius.com/6bcb8629b9b0f55c549d748bdcbca61c.372x372x1.jpg,7,,604,Radiohead,https://genius.com/artists/Radiohead,https://images.genius.com/6bcb8629b9b0f55c549d748bdcbca61c.372x372x1.jpg
18,3154637,Let Down (Thom 4Track),https://genius.com/Radiohead-let-down-thom-4track-lyrics,/Radiohead-let-down-thom-4track-lyrics,https://images.genius.com/63e3cd49bdc8ffeb6afea64f616f3388.800x800x1.jpg,1,,604,Radiohead,https://genius.com/artists/Radiohead,https://images.genius.com/6bcb8629b9b0f55c549d748bdcbca61c.372x372x1.jpg
18,1095744,I Am a Wicked Child,https://genius.com/Radiohead-i-am-a-wicked-child-lyrics,/Radiohead-i-am-a-wicked-child-lyrics,https://t2.genius.com/unsafe/562x0/https:%2F%2Fimages.genius.com%2F07f56e5fcdea7994275272d04b7178a5.1000x1000x1.jpg,1,,604,Radiohead,https://genius.com/artists/Radiohead,https://images.genius.com/6bcb8629b9b0f55c549d748bdcbca61c.372x372x1.jpg
18,96549,Radio Head,https://genius.com/Danny-brown-radio-head-lyrics,/Danny-brown-radio-head-lyrics,https://images.genius.com/c0563c9032200258584576466a5d6d53.395x395x1.jpg,2,1,1422,Danny Brown,https://genius.com/artists/Danny-brown,https://images.genius.com/c0563c9032200258584576466a5d6d53.395x395x1.jpg
19,3154792,Alternative Paranoid Android Ending Live In Pittsburgh,https://genius.com/Radiohead-alternative-paranoid-android-ending-live-in-pittsburgh-lyrics,/Radiohead-alternative-paranoid-android-ending-live-in-pittsburgh-lyrics,https://images.genius.com/63e3cd49bdc8ffeb6afea64f616f3388.800x800x1.jpg,2,,604,Radiohead,https://genius.com/artists/Radiohead,https://images.genius.com/6bcb8629b9b0f55c549d748bdcbca61c.372x372x1.jpg
19,3154731,Are You Someone?,https://genius.com/Radiohead-are-you-someone-lyrics,/Radiohead-are-you-someone-lyrics,https://images.genius.com/63e3cd49bdc8ffeb6afea64f616f3388.800x800x1.jpg,1,,604,Radiohead,https://genius.com/artists/Radiohead,https://images.genius.com/6bcb8629b9b0f55c549d748bdcbca61c.372x372x1.jpg
19,3081902,Airbag (early acoustic),https://genius.com/Radiohead-airbag-early-acoustic-lyrics,/Radiohead-airbag-early-acoustic-lyrics,https://images.genius.com/6bcb8629b9b0f55c549d748bdcbca61c.372x372x1.jpg,1,,604,Radiohead,https://genius.com/artists/Radiohead,https://images.genius.com/6bcb8629b9b0f55c549d748bdcbca61c.372x372x1.jpg
19,2847738,MK 2,https://genius.com/Radiohead-mk-2-lyrics,/Radiohead-mk-2-lyrics,https://images.genius.com/25ef3ac1dee60f467c3220f7b9fc8530.1000x1000x1.jpg,0,,604,Radiohead,https://genius.com/artists/Radiohead,https://images.genius.com/6bcb8629b9b0f55c549d748bdcbca61c.372x372x1.jpg
19,1538772,Rhinestone Cowboy,https://genius.com/Radiohead-rhinestone-cowboy-lyrics,/Radiohead-rhinestone-cowboy-lyrics,https://images.genius.com/6bcb8629b9b0f55c549d748bdcbca61c.372x372x1.jpg,1,,604,Radiohead,https://genius.com/artists/Radiohead,https://images.genius.com/6bcb8629b9b0f55c549d748bdcbca61c.372x372x1.jpg
19,1633960,Ed’s Scary Song,https://genius.com/Radiohead-eds-scary-song-lyrics,/Radiohead-eds-scary-song-lyrics,https://images.genius.com/6bcb8629b9b0f55c549d748bdcbca61c.372x372x1.jpg,1,2,604,Radiohead,https://genius.com/artists/Radiohead,https://images.genius.com/6bcb8629b9b0f55c549d748bdcbca61c.372x372x1.jpg
19,1312237,Nothing Touches Me,https://genius.com/Radiohead-nothing-touches-me-lyrics,/Radiohead-nothing-touches-me-lyrics,https://images.genius.com/3e686edc2bb00306efaa12c0342ddab9.400x400x1.jpg,1,,604,Radiohead,https://genius.com/artists/Radiohead,https://images.genius.com/6bcb8629b9b0f55c549d748bdcbca61c.372x372x1.jpg
19,691833,Radio Head,https://genius.com/Talking-heads-radio-head-lyrics,/Talking-heads-radio-head-lyrics,https://images.genius.com/25c31c812179254f43cea40441a696a0.500x500x1.jpg,2,2,13347,Talking Heads,https://genius.com/artists/Talking-heads,https://images.genius.com/824be1387e7176c0288dd1e69ebbe965.350x350x1.png
19,3154634,True Love Tape Loop,https://genius.com/Radiohead-true-love-tape-loop-lyrics,/Radiohead-true-love-tape-loop-lyrics,https://images.genius.com/63e3cd49bdc8ffeb6afea64f616f3388.800x800x1.jpg,1,,604,Radiohead,https://genius.com/artists/Radiohead,https://images.genius.com/6bcb8629b9b0f55c549d748bdcbca61c.372x372x1.jpg
19,4622910,’poison’,https://genius.com/Radiohead-poison-lyrics,/Radiohead-poison-lyrics,https://images.genius.com/2065a61cdeb11a9b79712ad71ac1007a.1000x1000x1.jpg,2,,604,Radiohead,https://genius.com/artists/Radiohead,https://images.genius.com/6bcb8629b9b0f55c549d748bdcbca61c.372x372x1.jpg
20,3154682,Karma Police Space Echo,https://genius.com/Radiohead-karma-police-space-echo-lyrics,/Radiohead-karma-police-space-echo-lyrics,https://images.genius.com/63e3cd49bdc8ffeb6afea64f616f3388.800x800x1.jpg,1,,604,Radiohead,https://genius.com/artists/Radiohead,https://images.genius.com/6bcb8629b9b0f55c549d748bdcbca61c.372x372x1.jpg
20,1843923,Cinnamon Girl,https://genius.com/Radiohead-cinnamon-girl-lyrics,/Radiohead-cinnamon-girl-lyrics,https://images.genius.com/6bcb8629b9b0f55c549d748bdcbca61c.372x372x1.jpg,1,,604,Radiohead,https://genius.com/artists/Radiohead,https://images.genius.com/6bcb8629b9b0f55c549d748bdcbca61c.372x372x1.jpg
20,3558192,Come to Your Senses,https://genius.com/Radiohead-come-to-your-senses-lyrics,/Radiohead-come-to-your-senses-lyrics,https://images.genius.com/6bcb8629b9b0f55c549d748bdcbca61c.372x372x1.jpg,1,,604,Radiohead,https://genius.com/artists/Radiohead,https://images.genius.com/6bcb8629b9b0f55c549d748bdcbca61c.372x372x1.jpg
20,3154684,Karma Police Voice Through Telephone,https://genius.com/Radiohead-karma-police-voice-through-telephone-lyrics,/Radiohead-karma-police-voice-through-telephone-lyrics,https://images.genius.com/63e3cd49bdc8ffeb6afea64f616f3388.800x800x1.jpg,1,,604,Radiohead,https://genius.com/artists/Radiohead,https://images.genius.com/6bcb8629b9b0f55c549d748bdcbca61c.372x372x1.jpg
20,1081664,Wonderwall,https://genius.com/Radiohead-wonderwall-lyrics,/Radiohead-wonderwall-lyrics,https://images.genius.com/6bcb8629b9b0f55c549d748bdcbca61c.372x372x1.jpg,1,,604,Radiohead,https://genius.com/artists/Radiohead,https://images.genius.com/6bcb8629b9b0f55c549d748bdcbca61c.372x372x1.jpg
20,4624213,​my new clothes,https://genius.com/Radiohead-my-new-clothes-lyrics,/Radiohead-my-new-clothes-lyrics,https://images.genius.com/e3e2b7ea634a9b7ebf6d87cc267173df.1000x1000x1.jpg,0,,604,Radiohead,https://genius.com/artists/Radiohead,https://images.genius.com/6bcb8629b9b0f55c549d748bdcbca61c.372x372x1.jpg
20,3314267,"Testify (Radiohead, Kanye West)",https://genius.com/Noah-breakfast-testify-radiohead-kanye-west-lyrics,/Noah-breakfast-testify-radiohead-kanye-west-lyrics,https://images.genius.com/211a31e38b4e999d3d17d7256317363a.607x455x1.jpg,1,,27709,Noah Breakfast,https://genius.com/artists/Noah-breakfast,https://images.genius.com/5e15e7c437b579257f98809aef27fa49.363x363x1.jpg
20,3664547,All I Need (Live From The Basement),https://genius.com/Radiohead-all-i-need-live-from-the-basement-lyrics,/Radiohead-all-i-need-live-from-the-basement-lyrics,https://images.genius.com/405e2fdbfeb39a9bd4862f7b92e6a1ad.236x236x1.png,0,,604,Radiohead,https://genius.com/artists/Radiohead,https://images.genius.com/6bcb8629b9b0f55c549d748bdcbca61c.372x372x1.jpg
20,1290209,Nobody Does It Better,https://genius.com/Radiohead-nobody-does-it-better-lyrics,/Radiohead-nobody-does-it-better-lyrics,https://images.genius.com/6bcb8629b9b0f55c549d748bdcbca61c.372x372x1.jpg,1,,604,Radiohead,https://genius.com/artists/Radiohead,https://images.genius.com/6bcb8629b9b0f55c549d748bdcbca61c.372x372x1.jpg
20,1230898,Sing a Song for You,https://genius.com/Radiohead-sing-a-song-for-you-lyrics,/Radiohead-sing-a-song-for-you-lyrics,https://images.genius.com/6bcb8629b9b0f55c549d748bdcbca61c.372x372x1.jpg,1,,604,Radiohead,https://genius.com/artists/Radiohead,https://images.genius.com/6bcb8629b9b0f55c549d748bdcbca61c.372x372x1.jpg
21,1134477,On the Beach,https://genius.com/Radiohead-on-the-beach-lyrics,/Radiohead-on-the-beach-lyrics,https://images.genius.com/6bcb8629b9b0f55c549d748bdcbca61c.372x372x1.jpg,1,,604,Radiohead,https://genius.com/artists/Radiohead,https://images.genius.com/6bcb8629b9b0f55c549d748bdcbca61c.372x372x1.jpg
21,3154837,OK Computer Program,https://genius.com/Radiohead-ok-computer-program-annotated,/Radiohead-ok-computer-program-annotated,https://images.genius.com/63e3cd49bdc8ffeb6afea64f616f3388.800x800x1.jpg,1,,604,Radiohead,https://genius.com/artists/Radiohead,https://images.genius.com/6bcb8629b9b0f55c549d748bdcbca61c.372x372x1.jpg
21,3154633,AMS Hello,https://genius.com/Radiohead-ams-hello-lyrics,/Radiohead-ams-hello-lyrics,https://images.genius.com/63e3cd49bdc8ffeb6afea64f616f3388.800x800x1.jpg,1,,604,Radiohead,https://genius.com/artists/Radiohead,https://images.genius.com/6bcb8629b9b0f55c549d748bdcbca61c.372x372x1.jpg
21,862353,Union City Blue,https://genius.com/Radiohead-union-city-blue-lyrics,/Radiohead-union-city-blue-lyrics,https://images.genius.com/6bcb8629b9b0f55c549d748bdcbca61c.372x372x1.jpg,1,,604,Radiohead,https://genius.com/artists/Radiohead,https://images.genius.com/6bcb8629b9b0f55c549d748bdcbca61c.372x372x1.jpg
21,4624139,​i promise (portland),https://genius.com/Radiohead-i-promise-portland-lyrics,/Radiohead-i-promise-portland-lyrics,https://images.genius.com/2065a61cdeb11a9b79712ad71ac1007a.1000x1000x1.jpg,1,,604,Radiohead,https://genius.com/artists/Radiohead,https://images.genius.com/6bcb8629b9b0f55c549d748bdcbca61c.372x372x1.jpg
21,4624182,​attenzione! (portland),https://genius.com/Radiohead-attenzione-portland-lyrics,/Radiohead-attenzione-portland-lyrics,https://images.genius.com/2065a61cdeb11a9b79712ad71ac1007a.1000x1000x1.jpg,1,,604,Radiohead,https://genius.com/artists/Radiohead,https://images.genius.com/6bcb8629b9b0f55c549d748bdcbca61c.372x372x1.jpg
21,2887647,The King of Limbs [Tracklist + Album Cover],https://genius.com/Radiohead-the-king-of-limbs-tracklist-album-cover-annotated,/Radiohead-the-king-of-limbs-tracklist-album-cover-annotated,https://images.genius.com/6bcb8629b9b0f55c549d748bdcbca61c.372x372x1.jpg,0,,604,Radiohead,https://genius.com/artists/Radiohead,https://images.genius.com/6bcb8629b9b0f55c549d748bdcbca61c.372x372x1.jpg
21,3664219,Myxomatosis (Live From The Basement),https://genius.com/Radiohead-myxomatosis-live-from-the-basement-lyrics,/Radiohead-myxomatosis-live-from-the-basement-lyrics,https://images.genius.com/405e2fdbfeb39a9bd4862f7b92e6a1ad.236x236x1.png,1,,604,Radiohead,https://genius.com/artists/Radiohead,https://images.genius.com/6bcb8629b9b0f55c549d748bdcbca61c.372x372x1.jpg
21,3154629,ZX Spectrum Symphony,https://genius.com/Radiohead-zx-spectrum-symphony-lyrics,/Radiohead-zx-spectrum-symphony-lyrics,https://images.genius.com/63e3cd49bdc8ffeb6afea64f616f3388.800x800x1.jpg,1,,604,Radiohead,https://genius.com/artists/Radiohead,https://images.genius.com/6bcb8629b9b0f55c549d748bdcbca61c.372x372x1.jpg
21,1618473,I’ll Wear It Proudly,https://genius.com/Radiohead-ill-wear-it-proudly-lyrics,/Radiohead-ill-wear-it-proudly-lyrics,https://images.genius.com/6bcb8629b9b0f55c549d748bdcbca61c.372x372x1.jpg,1,,604,Radiohead,https://genius.com/artists/Radiohead,https://images.genius.com/6bcb8629b9b0f55c549d748bdcbca61c.372x372x1.jpg
22,2841867,Ceremony,https://genius.com/Radiohead-ceremony-lyrics,/Radiohead-ceremony-lyrics,https://images.genius.com/6bcb8629b9b0f55c549d748bdcbca61c.372x372x1.jpg,1,,604,Radiohead,https://genius.com/artists/Radiohead,https://images.genius.com/6bcb8629b9b0f55c549d748bdcbca61c.372x372x1.jpg
22,733858,Evolution of Radiohead,https://genius.com/David-eisen-evolution-of-radiohead-annotated,/David-eisen-evolution-of-radiohead-annotated,https://images.rapgenius.com/39fae0d6f7150f3db74dc27a730e3345.1000x800x1.jpg,38,,340381,David Eisen,https://genius.com/artists/David-eisen,https://assets.genius.com/images/default_avatar_300.png?1564000472
22,3664511,Where I End and You Begin (Live From The Basement),https://genius.com/Radiohead-where-i-end-and-you-begin-live-from-the-basement-lyrics,/Radiohead-where-i-end-and-you-begin-live-from-the-basement-lyrics,https://images.genius.com/405e2fdbfeb39a9bd4862f7b92e6a1ad.236x236x1.png,0,,604,Radiohead,https://genius.com/artists/Radiohead,https://images.genius.com/6bcb8629b9b0f55c549d748bdcbca61c.372x372x1.jpg
22,3154772,Climbing Up The Walls (Thom 4Track),https://genius.com/Radiohead-climbing-up-the-walls-thom-4track-lyrics,/Radiohead-climbing-up-the-walls-thom-4track-lyrics,https://images.genius.com/63e3cd49bdc8ffeb6afea64f616f3388.800x800x1.jpg,1,,604,Radiohead,https://genius.com/artists/Radiohead,https://images.genius.com/6bcb8629b9b0f55c549d748bdcbca61c.372x372x1.jpg
22,1012892,Phillipa Chicken,https://genius.com/Radiohead-phillipa-chicken-lyrics,/Radiohead-phillipa-chicken-lyrics,https://images.genius.com/3340b8addabfaef123a23429b9202452.400x400x1.jpg,1,,604,Radiohead,https://genius.com/artists/Radiohead,https://images.genius.com/6bcb8629b9b0f55c549d748bdcbca61c.372x372x1.jpg
22,3154646,Someone Help This Guy...,https://genius.com/Radiohead-someone-help-this-guy-lyrics,/Radiohead-someone-help-this-guy-lyrics,https://images.genius.com/63e3cd49bdc8ffeb6afea64f616f3388.800x800x1.jpg,2,,604,Radiohead,https://genius.com/artists/Radiohead,https://images.genius.com/6bcb8629b9b0f55c549d748bdcbca61c.372x372x1.jpg
22,3154676,The Jumbled Words of Climbing Up The Walls Read By Little Dan Clements,https://genius.com/Radiohead-the-jumbled-words-of-climbing-up-the-walls-read-by-little-dan-clements-lyrics,/Radiohead-the-jumbled-words-of-climbing-up-the-walls-read-by-little-dan-clements-lyrics,https://images.genius.com/63e3cd49bdc8ffeb6afea64f616f3388.800x800x1.jpg,2,,604,Radiohead,https://genius.com/artists/Radiohead,https://images.genius.com/6bcb8629b9b0f55c549d748bdcbca61c.372x372x1.jpg
22,2479286,Artist Archive: Radiohead,https://genius.com/Genius-artist-archive-radiohead-annotated,/Genius-artist-archive-radiohead-annotated,https://images.rapgenius.com/03e4bb255f63159c04f3bc7fe5f90fe0.750x750x1.png,1,1,204611,Genius,https://genius.com/artists/Genius,https://images.genius.com/8ed669cadd956443e29c70361ec4f372.1000x1000x1.png
22,3154786,Early Paranoid Android Version By Jonny And Thom,https://genius.com/Radiohead-early-paranoid-android-version-by-jonny-and-thom-lyrics,/Radiohead-early-paranoid-android-version-by-jonny-and-thom-lyrics,https://images.genius.com/63e3cd49bdc8ffeb6afea64f616f3388.800x800x1.jpg,1,,604,Radiohead,https://genius.com/artists/Radiohead,https://images.genius.com/6bcb8629b9b0f55c549d748bdcbca61c.372x372x1.jpg
23,1342888,I Froze Up,https://genius.com/Radiohead-i-froze-up-lyrics,/Radiohead-i-froze-up-lyrics,https://images.genius.com/6bcb8629b9b0f55c549d748bdcbca61c.372x372x1.jpg,2,,604,Radiohead,https://genius.com/artists/Radiohead,https://images.genius.com/6bcb8629b9b0f55c549d748bdcbca61c.372x372x1.jpg
23,3154648,Motion Picture Soundtrack (Solo Piano),https://genius.com/Radiohead-motion-picture-soundtrack-solo-piano-lyrics,/Radiohead-motion-picture-soundtrack-solo-piano-lyrics,https://images.genius.com/63e3cd49bdc8ffeb6afea64f616f3388.800x800x1.jpg,2,1,604,Radiohead,https://genius.com/artists/Radiohead,https://images.genius.com/6bcb8629b9b0f55c549d748bdcbca61c.372x372x1.jpg
23,3581121,No Surprises (Radiohead Cover),https://genius.com/Mija-no-surprises-radiohead-cover-lyrics,/Mija-no-surprises-radiohead-cover-lyrics,https://images.genius.com/7401da215787ea1b81d5cc604197b1e0.500x500x1.jpg,0,,182695,Mija,https://genius.com/artists/Mija,https://images.genius.com/dd355a5031d2ec7eaad75bffb3cd7564.1000x1000x1.jpg
23,1747840,Kid A (Radiohead Cover),https://genius.com/John-mayer-kid-a-radiohead-cover-lyrics,/John-mayer-kid-a-radiohead-cover-lyrics,https://images.genius.com/bfbd01d82bb0cb86096ce69784cfb3ba.1000x1000x1.jpg,1,,488,John Mayer,https://genius.com/artists/John-mayer,https://images.genius.com/bfbd01d82bb0cb86096ce69784cfb3ba.1000x1000x1.jpg
23,3154685,(Talking #1),https://genius.com/Radiohead-talking-1-lyrics,/Radiohead-talking-1-lyrics,https://images.genius.com/63e3cd49bdc8ffeb6afea64f616f3388.800x800x1.jpg,1,,604,Radiohead,https://genius.com/artists/Radiohead,https://images.genius.com/6bcb8629b9b0f55c549d748bdcbca61c.372x372x1.jpg
23,3154706,(Talking #2),https://genius.com/Radiohead-talking-2-lyrics,/Radiohead-talking-2-lyrics,https://images.genius.com/63e3cd49bdc8ffeb6afea64f616f3388.800x800x1.jpg,1,,604,Radiohead,https://genius.com/artists/Radiohead,https://images.genius.com/6bcb8629b9b0f55c549d748bdcbca61c.372x372x1.jpg
23,2427558,Radiohead,https://genius.com/Thesidewayz-radiohead-lyrics,/Thesidewayz-radiohead-lyrics,https://images.rapgenius.com/41ca2f7caefc9cb4b2928e089a6836b4.750x759x1.jpg,5,,641636,TheSidewayz,https://genius.com/artists/Thesidewayz,https://assets.genius.com/images/default_avatar_300.png?1564000472
23,4627292,​not all angels have wings,https://genius.com/Radiohead-not-all-angels-have-wings-lyrics,/Radiohead-not-all-angels-have-wings-lyrics,https://images.genius.com/c49412aeea500f5e0d5c20ec2af2ef40.1000x1000x1.jpg,1,,604,Radiohead,https://genius.com/artists/Radiohead,https://images.genius.com/6bcb8629b9b0f55c549d748bdcbca61c.372x372x1.jpg
24,3154687,Big Bird Story By Stanley Donwood,https://genius.com/Radiohead-big-bird-story-by-stanley-donwood-lyrics,/Radiohead-big-bird-story-by-stanley-donwood-lyrics,https://images.genius.com/63e3cd49bdc8ffeb6afea64f616f3388.800x800x1.jpg,2,,604,Radiohead,https://genius.com/artists/Radiohead,https://images.genius.com/6bcb8629b9b0f55c549d748bdcbca61c.372x372x1.jpg
24,457546,Radiohead,https://genius.com/Un-ez-radiohead-lyrics,/Un-ez-radiohead-lyrics,https://assets.genius.com/images/default_cover_image.png?1564000472,1,,57346,Un-Ez,https://genius.com/artists/Un-ez,https://assets.genius.com/images/default_avatar_300.png?1564000472
24,4624503,​organ intro,https://genius.com/Radiohead-organ-intro-lyrics,/Radiohead-organ-intro-lyrics,https://images.genius.com/7ebe61dad8ee33ca4925748ccb72b30a.1000x1000x1.jpg,0,,604,Radiohead,https://genius.com/artists/Radiohead,https://images.genius.com/6bcb8629b9b0f55c549d748bdcbca61c.372x372x1.jpg
24,3774628,Radiohead (Demo),https://genius.com/Cage-radiohead-demo-lyrics,/Cage-radiohead-demo-lyrics,https://images.genius.com/f01cacc8ef712f592d3a44e9ad9a2392.285x285x1.jpg,2,,1068,Cage,https://genius.com/artists/Cage,https://images.genius.com/f01cacc8ef712f592d3a44e9ad9a2392.285x285x1.jpg
24,3663255,Weird Fishes/Arpeggi (Live From The Basement),https://genius.com/Radiohead-weird-fishes-arpeggi-live-from-the-basement-lyrics,/Radiohead-weird-fishes-arpeggi-live-from-the-basement-lyrics,https://images.genius.com/405e2fdbfeb39a9bd4862f7b92e6a1ad.236x236x1.png,0,,604,Radiohead,https://genius.com/artists/Radiohead,https://images.genius.com/6bcb8629b9b0f55c549d748bdcbca61c.372x372x1.jpg
24,4636478,​manhattan dogs,https://genius.com/Radiohead-manhattan-dogs-lyrics,/Radiohead-manhattan-dogs-lyrics,https://images.genius.com/29339a3080c60c82e243a3a0d0047cbc.1000x1000x1.jpg,1,,604,Radiohead,https://genius.com/artists/Radiohead,https://images.genius.com/6bcb8629b9b0f55c549d748bdcbca61c.372x372x1.jpg
24,4624303,​poison lake,https://genius.com/Radiohead-poison-lake-lyrics,/Radiohead-poison-lake-lyrics,https://images.genius.com/e3e2b7ea634a9b7ebf6d87cc267173df.1000x1000x1.jpg,1,,604,Radiohead,https://genius.com/artists/Radiohead,https://images.genius.com/6bcb8629b9b0f55c549d748bdcbca61c.372x372x1.jpg
25,4624302,​umbilical,https://genius.com/Radiohead-umbilical-lyrics,/Radiohead-umbilical-lyrics,https://images.genius.com/e3e2b7ea634a9b7ebf6d87cc267173df.1000x1000x1.jpg,0,,604,Radiohead,https://genius.com/artists/Radiohead,https://images.genius.com/6bcb8629b9b0f55c549d748bdcbca61c.372x372x1.jpg
25,4624298,​risk of suffocation,https://genius.com/Radiohead-risk-of-suffocation-lyrics,/Radiohead-risk-of-suffocation-lyrics,https://images.genius.com/e3e2b7ea634a9b7ebf6d87cc267173df.1000x1000x1.jpg,0,,604,Radiohead,https://genius.com/artists/Radiohead,https://images.genius.com/6bcb8629b9b0f55c549d748bdcbca61c.372x372x1.jpg
25,4624297,​no surprises please (Lyon),https://genius.com/Radiohead-no-surprises-please-lyon-lyrics,/Radiohead-no-surprises-please-lyon-lyrics,https://images.genius.com/e3e2b7ea634a9b7ebf6d87cc267173df.1000x1000x1.jpg,1,,604,Radiohead,https://genius.com/artists/Radiohead,https://images.genius.com/6bcb8629b9b0f55c549d748bdcbca61c.372x372x1.jpg
25,4624217,​true love waits (MD111),https://genius.com/Radiohead-true-love-waits-md111-lyrics,/Radiohead-true-love-waits-md111-lyrics,https://images.genius.com/2065a61cdeb11a9b79712ad71ac1007a.1000x1000x1.jpg,0,,604,Radiohead,https://genius.com/artists/Radiohead,https://images.genius.com/6bcb8629b9b0f55c549d748bdcbca61c.372x372x1.jpg
25,4051986,Radiohead - Creep (Traducción al Español),https://genius.com/Genius-traducciones-al-espanol-radiohead-creep-traduccion-al-espanol-lyrics,/Genius-traducciones-al-espanol-radiohead-creep-traduccion-al-espanol-lyrics,https://images.genius.com/7e8ec7d3265b0867ba38e232650f7c82.1000x1000x1.jpg,0,,1376254,Genius Traducciones al Español,https://genius.com/artists/Genius-traducciones-al-espanol,https://images.genius.com/4095e191f58b38d70bb09ba3af668385.1000x1000x1.png
25,3675810,Climbing Up The Walls (Fila Brazillia Mix),https://genius.com/Radiohead-climbing-up-the-walls-fila-brazillia-mix-lyrics,/Radiohead-climbing-up-the-walls-fila-brazillia-mix-lyrics,https://images.genius.com/1338dca39fc1f11028e4224c3990b265.600x600x1.jpg,0,,604,Radiohead,https://genius.com/artists/Radiohead,https://images.genius.com/6bcb8629b9b0f55c549d748bdcbca61c.372x372x1.jpg
25,3558197,Wake Me (Before they Come),https://genius.com/Radiohead-wake-me-before-they-come-lyrics,/Radiohead-wake-me-before-they-come-lyrics,https://images.genius.com/6bcb8629b9b0f55c549d748bdcbca61c.372x372x1.jpg,1,,604,Radiohead,https://genius.com/artists/Radiohead,https://images.genius.com/6bcb8629b9b0f55c549d748bdcbca61c.372x372x1.jpg
25,3154816,The National Anthem (Thom 4Track),https://genius.com/Radiohead-the-national-anthem-thom-4track-lyrics,/Radiohead-the-national-anthem-thom-4track-lyrics,https://images.genius.com/63e3cd49bdc8ffeb6afea64f616f3388.800x800x1.jpg,0,,604,Radiohead,https://genius.com/artists/Radiohead,https://images.genius.com/6bcb8629b9b0f55c549d748bdcbca61c.372x372x1.jpg
25,4629950,​let down 9.3,https://genius.com/Radiohead-let-down-93-lyrics,/Radiohead-let-down-93-lyrics,https://images.genius.com/10504bdd5a0e5bdc311b050d62d1c5b6.1000x1000x1.jpg,0,,604,Radiohead,https://genius.com/artists/Radiohead,https://images.genius.com/6bcb8629b9b0f55c549d748bdcbca61c.372x372x1.jpg
26,4629947,​hospital 2,https://genius.com/Radiohead-hospital-2-lyrics,/Radiohead-hospital-2-lyrics,https://images.genius.com/10504bdd5a0e5bdc311b050d62d1c5b6.1000x1000x1.jpg,1,,604,Radiohead,https://genius.com/artists/Radiohead,https://images.genius.com/6bcb8629b9b0f55c549d748bdcbca61c.372x372x1.jpg
26,4627291,“walls”,https://genius.com/Radiohead-walls-lyrics,/Radiohead-walls-lyrics,https://images.genius.com/c49412aeea500f5e0d5c20ec2af2ef40.1000x1000x1.jpg,0,,604,Radiohead,https://genius.com/artists/Radiohead,https://images.genius.com/6bcb8629b9b0f55c549d748bdcbca61c.372x372x1.jpg
26,4624729,​no surprises please (MD115),https://genius.com/Radiohead-no-surprises-please-md115-lyrics,/Radiohead-no-surprises-please-md115-lyrics,https://images.genius.com/8a824366cf4b87b90c4ec43650a0e098.1000x1000x1.jpg,0,,604,Radiohead,https://genius.com/artists/Radiohead,https://images.genius.com/6bcb8629b9b0f55c549d748bdcbca61c.372x372x1.jpg
26,4624535,​paranoid android (MD115),https://genius.com/Radiohead-paranoid-android-md115-lyrics,/Radiohead-paranoid-android-md115-lyrics,https://images.genius.com/8a824366cf4b87b90c4ec43650a0e098.1000x1000x1.jpg,1,,604,Radiohead,https://genius.com/artists/Radiohead,https://images.genius.com/6bcb8629b9b0f55c549d748bdcbca61c.372x372x1.jpg
26,4624395,​nude (MD113),https://genius.com/Radiohead-nude-md113-lyrics,/Radiohead-nude-md113-lyrics,https://images.genius.com/4d33b3236ebc7653b06cc89046fc3687.1000x1000x1.jpg,0,,604,Radiohead,https://genius.com/artists/Radiohead,https://images.genius.com/6bcb8629b9b0f55c549d748bdcbca61c.372x372x1.jpg
26,4624392,​motion picture soundtrack (D.C.),https://genius.com/Radiohead-motion-picture-soundtrack-dc-lyrics,/Radiohead-motion-picture-soundtrack-dc-lyrics,https://images.genius.com/4d33b3236ebc7653b06cc89046fc3687.1000x1000x1.jpg,1,,604,Radiohead,https://genius.com/artists/Radiohead,https://images.genius.com/6bcb8629b9b0f55c549d748bdcbca61c.372x372x1.jpg
26,4624219,“lifesaver”,https://genius.com/Radiohead-lifesaver-lyrics,/Radiohead-lifesaver-lyrics,https://images.genius.com/2065a61cdeb11a9b79712ad71ac1007a.1000x1000x1.jpg,1,,604,Radiohead,https://genius.com/artists/Radiohead,https://images.genius.com/6bcb8629b9b0f55c549d748bdcbca61c.372x372x1.jpg
26,4624189,“vacancies”,https://genius.com/Radiohead-vacancies-lyrics,/Radiohead-vacancies-lyrics,https://images.genius.com/2065a61cdeb11a9b79712ad71ac1007a.1000x1000x1.jpg,1,,604,Radiohead,https://genius.com/artists/Radiohead,https://images.genius.com/6bcb8629b9b0f55c549d748bdcbca61c.372x372x1.jpg
27,3154828,Man of War Live In Montpellier,https://genius.com/Radiohead-man-of-war-live-in-montpellier-lyrics,/Radiohead-man-of-war-live-in-montpellier-lyrics,https://images.genius.com/63e3cd49bdc8ffeb6afea64f616f3388.800x800x1.jpg,0,,604,Radiohead,https://genius.com/artists/Radiohead,https://images.genius.com/6bcb8629b9b0f55c549d748bdcbca61c.372x372x1.jpg
27,4636921,​a reminder (MD125),https://genius.com/Radiohead-a-reminder-md125-lyrics,/Radiohead-a-reminder-md125-lyrics,https://images.genius.com/5bbffa692b78b805962d583e8a951698.1000x1000x1.jpg,0,,604,Radiohead,https://genius.com/artists/Radiohead,https://images.genius.com/6bcb8629b9b0f55c549d748bdcbca61c.372x372x1.jpg
27,4636377,1000 miles,https://genius.com/Radiohead-1000-miles-lyrics,/Radiohead-1000-miles-lyrics,https://images.genius.com/e7e04ea207c1dfd618bd6cee86346fca.1000x1000x1.jpg,1,,604,Radiohead,https://genius.com/artists/Radiohead,https://images.genius.com/6bcb8629b9b0f55c549d748bdcbca61c.372x372x1.jpg
27,4636268,​karma police (MD122),https://genius.com/Radiohead-karma-police-md122-lyrics,/Radiohead-karma-police-md122-lyrics,https://images.genius.com/8c53f22a5d5b763e691f375b10d5d10c.700x700x1.jpg,0,,604,Radiohead,https://genius.com/artists/Radiohead,https://images.genius.com/6bcb8629b9b0f55c549d748bdcbca61c.372x372x1.jpg
27,4630194,Karma Police (MD120),https://genius.com/Radiohead-karma-police-md120-lyrics,/Radiohead-karma-police-md120-lyrics,https://images.genius.com/7f73e8307c10f13569bcf26816a270a2.1000x1000x1.jpg,0,,604,Radiohead,https://genius.com/artists/Radiohead,https://images.genius.com/6bcb8629b9b0f55c549d748bdcbca61c.372x372x1.jpg
27,4630188,[dan’s climbing up the walls speech],https://genius.com/Radiohead-dans-climbing-up-the-walls-speech-lyrics,/Radiohead-dans-climbing-up-the-walls-speech-lyrics,https://images.genius.com/7f73e8307c10f13569bcf26816a270a2.1000x1000x1.jpg,1,,604,Radiohead,https://genius.com/artists/Radiohead,https://images.genius.com/6bcb8629b9b0f55c549d748bdcbca61c.372x372x1.jpg
27,4630176,​hospital 1,https://genius.com/Radiohead-hospital-1-lyrics,/Radiohead-hospital-1-lyrics,https://images.genius.com/7f73e8307c10f13569bcf26816a270a2.1000x1000x1.jpg,1,,604,Radiohead,https://genius.com/artists/Radiohead,https://images.genius.com/6bcb8629b9b0f55c549d748bdcbca61c.372x372x1.jpg
27,4629955,​you’re the one,https://genius.com/Radiohead-youre-the-one-lyrics,/Radiohead-youre-the-one-lyrics,https://images.genius.com/10504bdd5a0e5bdc311b050d62d1c5b6.1000x1000x1.jpg,0,,604,Radiohead,https://genius.com/artists/Radiohead,https://images.genius.com/6bcb8629b9b0f55c549d748bdcbca61c.372x372x1.jpg
27,4629952,​exit music #2,https://genius.com/Radiohead-exit-music-2-lyrics,/Radiohead-exit-music-2-lyrics,https://images.genius.com/10504bdd5a0e5bdc311b050d62d1c5b6.1000x1000x1.jpg,1,,604,Radiohead,https://genius.com/artists/Radiohead,https://images.genius.com/6bcb8629b9b0f55c549d748bdcbca61c.372x372x1.jpg
27,4629951,​life in a glasshouse (MD119),https://genius.com/Radiohead-life-in-a-glasshouse-md119-lyrics,/Radiohead-life-in-a-glasshouse-md119-lyrics,https://images.genius.com/10504bdd5a0e5bdc311b050d62d1c5b6.1000x1000x1.jpg,0,,604,Radiohead,https://genius.com/artists/Radiohead,https://images.genius.com/6bcb8629b9b0f55c549d748bdcbca61c.372x372x1.jpg
28,4629949,​let down 9.2,https://genius.com/Radiohead-let-down-92-lyrics,/Radiohead-let-down-92-lyrics,https://images.genius.com/10504bdd5a0e5bdc311b050d62d1c5b6.1000x1000x1.jpg,0,,604,Radiohead,https://genius.com/artists/Radiohead,https://images.genius.com/6bcb8629b9b0f55c549d748bdcbca61c.372x372x1.jpg
28,4629946,​karma police 9.2,https://genius.com/Radiohead-karma-police-92-lyrics,/Radiohead-karma-police-92-lyrics,https://images.genius.com/10504bdd5a0e5bdc311b050d62d1c5b6.1000x1000x1.jpg,0,,604,Radiohead,https://genius.com/artists/Radiohead,https://images.genius.com/6bcb8629b9b0f55c549d748bdcbca61c.372x372x1.jpg
28,4629945,​karma police 9.1,https://genius.com/Radiohead-karma-police-91-lyrics,/Radiohead-karma-police-91-lyrics,https://images.genius.com/10504bdd5a0e5bdc311b050d62d1c5b6.1000x1000x1.jpg,2,,604,Radiohead,https://genius.com/artists/Radiohead,https://images.genius.com/6bcb8629b9b0f55c549d748bdcbca61c.372x372x1.jpg
28,4627510,The cupboard monster,https://genius.com/Radiohead-the-cupboard-monster-lyrics,/Radiohead-the-cupboard-monster-lyrics,https://images.genius.com/7c73a34a8f95772910f9cbfe73f8f19e.1000x1000x1.jpg,0,,604,Radiohead,https://genius.com/artists/Radiohead,https://images.genius.com/6bcb8629b9b0f55c549d748bdcbca61c.372x372x1.jpg
28,4627464,​not all angels have wings (MD117),https://genius.com/Radiohead-not-all-angels-have-wings-md117-lyrics,/Radiohead-not-all-angels-have-wings-md117-lyrics,https://images.genius.com/7c73a34a8f95772910f9cbfe73f8f19e.1000x1000x1.jpg,1,,604,Radiohead,https://genius.com/artists/Radiohead,https://images.genius.com/6bcb8629b9b0f55c549d748bdcbca61c.372x372x1.jpg
28,4627295,​not all angels have wings II,https://genius.com/Radiohead-not-all-angels-have-wings-ii-lyrics,/Radiohead-not-all-angels-have-wings-ii-lyrics,https://images.genius.com/c49412aeea500f5e0d5c20ec2af2ef40.1000x1000x1.jpg,1,,604,Radiohead,https://genius.com/artists/Radiohead,https://images.genius.com/6bcb8629b9b0f55c549d748bdcbca61c.372x372x1.jpg
28,4624408,Exit Music (For A Film) 7/8 session [take 1],https://genius.com/Radiohead-exit-music-for-a-film-7-8-session-take-1-lyrics,/Radiohead-exit-music-for-a-film-7-8-session-take-1-lyrics,https://images.genius.com/4d33b3236ebc7653b06cc89046fc3687.1000x1000x1.jpg,0,,604,Radiohead,https://genius.com/artists/Radiohead,https://images.genius.com/6bcb8629b9b0f55c549d748bdcbca61c.372x372x1.jpg
29,4624304,​get together [2],https://genius.com/Radiohead-get-together-2-lyrics,/Radiohead-get-together-2-lyrics,https://images.genius.com/e3e2b7ea634a9b7ebf6d87cc267173df.1000x1000x1.jpg,0,,604,Radiohead,https://genius.com/artists/Radiohead,https://images.genius.com/6bcb8629b9b0f55c549d748bdcbca61c.372x372x1.jpg
29,4624194,​paranoid android (MD111),https://genius.com/Radiohead-paranoid-android-md111-lyrics,/Radiohead-paranoid-android-md111-lyrics,https://images.genius.com/2065a61cdeb11a9b79712ad71ac1007a.1000x1000x1.jpg,0,,604,Radiohead,https://genius.com/artists/Radiohead,https://images.genius.com/6bcb8629b9b0f55c549d748bdcbca61c.372x372x1.jpg
29,4624156,​lift (toronto),https://genius.com/Radiohead-lift-toronto-lyrics,/Radiohead-lift-toronto-lyrics,https://images.genius.com/2065a61cdeb11a9b79712ad71ac1007a.1000x1000x1.jpg,1,,604,Radiohead,https://genius.com/artists/Radiohead,https://images.genius.com/6bcb8629b9b0f55c549d748bdcbca61c.372x372x1.jpg
29,3775788,Morning Mr Magpie (Nathan Fake RMX),https://genius.com/Radiohead-morning-mr-magpie-nathan-fake-rmx-lyrics,/Radiohead-morning-mr-magpie-nathan-fake-rmx-lyrics,https://images.genius.com/de808d7fd9450a9103cbcabd90cb70f6.1000x1000x1.jpg,0,,604,Radiohead,https://genius.com/artists/Radiohead,https://images.genius.com/6bcb8629b9b0f55c549d748bdcbca61c.372x372x1.jpg
29,3775786,Lotus Flower (Jacques Greene RMX),https://genius.com/Radiohead-lotus-flower-jacques-greene-rmx-lyrics,/Radiohead-lotus-flower-jacques-greene-rmx-lyrics,https://images.genius.com/de808d7fd9450a9103cbcabd90cb70f6.1000x1000x1.jpg,0,,604,Radiohead,https://genius.com/artists/Radiohead,https://images.genius.com/6bcb8629b9b0f55c549d748bdcbca61c.372x372x1.jpg
29,3734587,Feral - Live From The Basement,https://genius.com/Radiohead-feral-live-from-the-basement-lyrics,/Radiohead-feral-live-from-the-basement-lyrics,https://images.genius.com/4cb0354e927505c6ee5b5e85072887ac.492x492x1.jpg,0,,604,Radiohead,https://genius.com/artists/Radiohead,https://images.genius.com/6bcb8629b9b0f55c549d748bdcbca61c.372x372x1.jpg
29,3664501,Videotape (Live From The Basement),https://genius.com/Radiohead-videotape-live-from-the-basement-lyrics,/Radiohead-videotape-live-from-the-basement-lyrics,https://images.genius.com/405e2fdbfeb39a9bd4862f7b92e6a1ad.236x236x1.png,0,,604,Radiohead,https://genius.com/artists/Radiohead,https://images.genius.com/6bcb8629b9b0f55c549d748bdcbca61c.372x372x1.jpg
30,3154777,A Piano Lies Down In The Middle Of The Road,https://genius.com/Radiohead-a-piano-lies-down-in-the-middle-of-the-road-lyrics,/Radiohead-a-piano-lies-down-in-the-middle-of-the-road-lyrics,https://images.genius.com/63e3cd49bdc8ffeb6afea64f616f3388.800x800x1.jpg,1,,604,Radiohead,https://genius.com/artists/Radiohead,https://images.genius.com/6bcb8629b9b0f55c549d748bdcbca61c.372x372x1.jpg
30,3154736,Nigel AMS Delay,https://genius.com/Radiohead-nigel-ams-delay-lyrics,/Radiohead-nigel-ams-delay-lyrics,https://images.genius.com/63e3cd49bdc8ffeb6afea64f616f3388.800x800x1.jpg,1,,604,Radiohead,https://genius.com/artists/Radiohead,https://images.genius.com/6bcb8629b9b0f55c549d748bdcbca61c.372x372x1.jpg
30,3035253,Radiohead,https://genius.com/Binx-radiohead-lyrics,/Binx-radiohead-lyrics,https://images.genius.com/a30b60122047f0a69224bae1eb10a5e7.1000x1000x1.jpg,0,,1106333,Binx,https://genius.com/artists/Binx,https://images.genius.com/e45897a655f36e367aa8c3dbbaddab2e.1000x1000x1.jpg
30,4636918,​lift (MD125),https://genius.com/Radiohead-lift-md125-lyrics,/Radiohead-lift-md125-lyrics,https://images.genius.com/5bbffa692b78b805962d583e8a951698.1000x1000x1.jpg,1,,604,Radiohead,https://genius.com/artists/Radiohead,https://images.genius.com/6bcb8629b9b0f55c549d748bdcbca61c.372x372x1.jpg
